"","INT:C079.mzML","INT:C080.mzML","INT:C081.mzML","INT:C083.mzML","INT:C084.mzML","INT:C103.mzML","INT:C105.mzML","INT:C123.mzML","INT:C135.mzML","INT:C137.mzML","INT:C141.mzML","INT:C145.mzML","INT:C149.mzML","INT:C155.mzML","INT:C176.mzML"
"CE(14:0)",0.507370702821378,0.434589399069956,0.333005467060966,0.901781796920884,0.555075165025624,0.366586186716886,0.657115356084392,0.140141851057458,0.377748992193468,1.52964222897681,0.595917304613193,0.939081559987336,0.291101574401093,0.610015171220104,0.491224927600472
"CE(16:2)",0.302968271374562,0.00888330990986515,0.00888330990986515,0.376215873985124,0.218074777357705,0.0389400718958542,0.0780016423480956,0.0496975300765273,0.0627637942815298,0.436008049944362,0.132775924144899,0.147385758624301,0.0703275920760388,0.165842679723401,0.0556262653475653
"CE(16:1)",4.28018641082622,2.41979617988098,2.36711477746835,6.26788261871575,5.59062551500369,1.98194874973059,6.82169106792553,0.767302966932069,3.53289043200602,12.6514799702336,4.2782144906554,6.97941294411809,1.9864980043834,5.23125862142823,3.67895357537878
"CE(16:0)",4.77928259047038,2.1882652235078,95.1632241381194,6.35327178986033,3.98851687339199,1.5711097236857,5.54926034525736,1.94740184163631,10.3698921060817,37.9350358564394,12.4058525210523,31.3397457087193,8.16758404488132,20.2014752331726,2.95475978595008
"CE(18:3)",0.709550698480459,0.398573283392743,0.205184365269833,1.26738258501752,0.631063202706829,0.47521591464583,0.529803600183598,0.100458629263168,0.433904858731467,1.93340611916804,0.455943458236855,1.15708916945773,0.357899583124667,0.724746593591261,0.501782470970037
"CE(18:2)",6.57229938541185,3.99132315507916,2.52900669401255,12.3698524435858,6.74490974392365,3.65916848532892,7.35640382607248,1.05795363743602,5.48111816614831,17.9968900742722,5.26397812891699,10.9090697409924,3.95944388688759,6.68870178633728,5.18890149635782
"CE(18:1)",19.0595146541664,10.7844379962088,12.9242406109744,34.7810915017269,26.204217145509,6.95703996369948,40.6052028796594,3.34224594097622,26.8706851144274,49.5566139843443,17.9123053284632,43.2266669575387,10.6275282215718,26.485518630661,16.8116450324084
"CE(18:0)",1.68988014602873,0.921838930909419,0.822009929466747,2.36223247576647,1.54060585671261,0.612501751644769,2.31114190837732,0.214602304738463,1.61275818743031,4.45750518812466,1.16922449452743,3.21033506206356,0.753089338649929,2.1955799110656,1.1920461321351
"CE(20:4)",5.24368240054698,4.21388477768245,3.16284609998082,17.4578486082441,7.6884734428383,2.24900027698842,14.3846262945784,2.15421744636736,4.28827401983293,14.3444951493624,4.92885161836952,14.9935392557313,3.09262168352464,10.8753962497004,5.69240868288106
"CE(20:3)",1.44911881760228,1.45113452626007,1.57119871142421,5.58674544756799,3.34134396508431,0.594091198120575,8.0960018619583,0.965731289789273,2.13487003816376,3.04438376497188,1.51139068711695,6.66019039495842,0.905259875543737,4.11299455443492,2.20286338863428
"CE(20:2)",0.323993650638091,0.292185429580035,0.417611502847773,1.26243978271521,0.708153743702002,0.116058208375024,1.71155070536523,0.213647074976822,1.00128890243987,0.552401393717489,0.516279547592259,1.12537363685505,0.214732661760729,0.853359363173668,0.455849329231136
"CE(20:1)",0.629283415116501,0.516346128871264,0.50556635132662,1.06473961721956,0.71060748076235,0.209985096979525,1.71415751404396,0.226804137315662,1.32450549383944,0.938773503667063,0.785330726475129,0.913299832192934,0.440123312758488,0.791596866918102,0.605864398983199
"CE(20:0)",0.322407143110702,0.187675142317497,0.158069878504828,0.296529479903993,0.210685265477916,0.156632005309311,0.25179839329032,0.0739299834255553,0.321395246009311,0.489346502078031,0.263105676347689,0.371868977180476,0.159501772559479,0.257760378750215,0.198863570927822
"CE(22:2)",0.257364642226222,0.148059263744559,-0.00135172285327934,0.701062761809347,0.132914651310058,0.0632877575641717,0.298223164620626,0.0576204280406592,0.138924875273001,0.197040057733256,0.125787866546218,0.178438036081744,0.0518548859035274,0.10327457836471,0.140296322524466
"CE(22:1)",0.0925411324152029,0.162259180280007,0.210079342804036,0.510884288769208,0.382618064416464,0.080496613004239,0.737343615349837,0.0973660041766533,0.39285642774075,0.200874798604939,0.296364181540425,0.32167387134727,0.086171939141332,0.287636509189461,0.250061657957306
"CE(22:0)",0.152806210885559,0.00497671779128034,0.651692045580621,0.769274990474272,0.344920051606778,0.032381790397136,0.115420313808654,0.215176458091793,0.437644799048008,0.486958386424244,0.555266365274054,0.559008337743644,0.230914127710115,0.553468715088011,0.0629077324526101
"CE(24:1)",0.108522804727445,0.310247942783337,0.379044500718037,0.639537077928131,0.552205782941808,0.0906131895871714,1.77947955180387,0.157046734998727,0.491852454019753,0.239308505261593,0.348630213754744,0.4383743186259,0.16503818763715,0.362567059873941,0.414317387586237
"CE(24:0)",0.183098261743247,0.12992217627847,0.180385083375151,0.16352130324239,0.197252016659558,0.0604843209733871,0.401427006866624,0.0991264840601933,0.205311162231833,0.249455128751201,0.221045083311548,0.227122125956168,0.101777529023376,0.186138944607671,0.160291377377444
"Cer(d18:1/12:0)",0.227269775551027,0.338266821776786,0.283866926558968,0.326830321298803,0.241963108210432,0.257539657080124,0.317990219689815,0.245913713560985,0.231009106956692,0.334132327597251,0.340884981314897,0.29966903403957,0.216307636472459,0.272896725259661,0.286226924673379
"Cer(d18:1/14:0)",0.00312089122168248,0.0297366032394857,0.0231139241079834,0.0326587084268426,0.0218298854189316,0.0286610443690311,0.0227153999249833,0.0160119039255908,0.00873888240606956,0.00789650983149717,0.000279446028727589,0.028632303928351,0.0273669537015905,0.0324945668434498,0.0255641888428568
"Cer(d18:1/16:0)",0.923409082472541,1.53518837490015,0.8802464347639,2.16764925624525,0.784778659667724,0.881427873518005,1.36765800466916,1.40775156272146,1.4122431500147,0.843741096839637,1.01563820839718,1.16103158590379,1.40327339301461,1.31087368121772,1.09818894848184
"Cer(d18:1/18:1)",0.0358867383922045,0.042468603250325,0.0375061671502616,0.00269010697768085,0.00269010697768085,0.00575647271866108,0.0322576930830175,0.0215461757309774,0.0413899285405148,0.0143527393235539,0.019036544428736,0.0154854743341463,0.024717495337495,0.0189241465557058,0.015803724309024
"Cer(d18:1/18:0)",0.0552390363196715,0.0689014135624615,0.0586386945791295,0.0451243525305736,0.0242584049177562,0.0304333686299332,0.056851629384277,0.0430421855232315,0.078752132823549,0.0502470755821951,0.0630177861447079,0.0469342573508618,0.0484054977290416,0.0508880378927447,0.0419907354670632
"Cer(d18:1/20:0)",0.00748675772754162,0.0538447508731962,0.0427306795493851,0.00748675772754162,0.00748675772754162,0.0207279888398999,0.0263329242441389,0.0202578057160792,0.013899243437133,0.0104904577131392,0.0157131430088235,0.0175539134079584,0.0155324682495221,0.0131622594174974,0.0234131364989106
"Cer(d18:1/22:0)",0.132929782520842,0.251150364686753,0.255599882937929,0.254111346671634,0.104840902832837,0.140940311873214,0.188692736774937,0.251003713834705,0.222518315799617,0.148229998620548,0.21214523157184,0.187401969014693,0.259437589241833,0.175631596604321,0.163178357931213
"Cer(d18:1/24:2)",0.462258164398361,0.70598347805702,0.608124783516323,0.772706782052231,0.481493400946,0.547185784224895,0.621568795569547,0.585717728020294,0.538372346546766,0.644486336439465,0.748477256791809,0.644549900926266,0.527076391953918,0.525588128653033,0.58321257121827
"Cer(d18:1/24:1)",0.859567260928374,1.03711933479218,1.29372135728088,1.926530980321,0.665690588622099,0.528254046416097,1.30448836175836,1.28652228684732,1.24388518019262,1.18241742543583,1.43838951078824,0.771608482861458,1.79039790614746,1.44922476469757,0.831147240192409
"Cer(d18:1/24:0)",0.829853190557854,1.28707071515954,1.61444260156912,1.58039056421876,0.665323135383058,0.743270399840083,1.15285182898604,1.571714512259,1.06627615276457,1.09701674097327,1.33920757761379,1.15492594574361,2.08098121726004,0.885825331188891,0.925917657796395
"DAG(28:0)",0.151919919571297,0.17625610036706,0.138729640887006,0.151424946728579,0.264850002818299,0.280669503641944,0.166119231874674,0.107913511348776,0.18012148614092,0.176001901782105,0.193007813579308,0.201354039933448,0.126538532074019,0.0919290973284791,0.216257573819777
"DAG(30:1)",0.0552014856524535,0.0809216914183353,0.0831470982123533,0.059721759516475,0.0839565166392973,0.107579043747273,0.0626548298094828,0.0953390099196326,0.0542256188866637,0.0673420130564143,0.116751401382949,0.0877557327244567,0.0457002812468812,0.0329340515207296,0.0824266488228361
"DAG(30:0)",0.238016338007059,0.321457929334231,0.328436177898438,0.358328870458862,0.708719159629115,0.753159419801011,0.30215648820219,0.257536428406775,0.344606977527754,0.335212634976487,0.470888163993994,0.45189287155203,0.242627378337361,0.159635469469921,0.478083153185505
"DAG(32:2)",0.0367980708756724,0.0643429037301872,0.0426552948405821,0.0814252069294188,0.107267363517979,0.108423308222353,0.0636172333603531,0.0518029625692915,0.0607700384118147,0.0542227481723951,0.110612508623185,0.0596719085258073,0.0265832966808915,0.0314296393186702,0.0833702110777844
"DAG(32:1)",0.26433943589955,0.299458697939455,0.422620927015143,0.35539285918334,0.364289744607686,0.374672189413912,0.291106293113782,0.429882321905012,0.475735855171664,0.310467153738608,0.868660652557214,0.348646972846373,0.207754377867107,0.180676743552745,0.330333978642136
"DAG(32:0)",1.38493184045442,1.27373249886705,1.53478652975071,1.52222571360611,13.6119463298165,7.98038379268143,2.17849753092271,0.955328537743486,1.68036095097851,1.98044598567619,2.057347365176,2.69212937330868,1.05791151980504,0.8186741984021,4.17173829901013
"DAG(34:2)",0.173348287590073,0.21724189489323,0.32782358308502,0.320584217789383,0.238039975948082,0.238165051524151,0.217127364620992,0.22887615459974,0.321694941503057,0.234778464133544,0.323661310499909,0.224197931371714,0.23673219437739,0.285850212671104,0.227413298161062
"DAG(34:1)",0.465151584489534,0.481758774338083,0.96116811413418,0.762733182901041,0.524334363694201,0.563151899573486,0.448453704807603,0.60079347552569,1.13368774897349,0.574436160897163,1.08293646121514,0.753946713964352,0.504879915956561,0.552233457287564,0.502604732495692
"DAG(34:0)",1.82175925785571,1.54658167273256,3.00775159064251,1.80781663883423,36.9076196952961,15.2624465893684,3.75267743889914,1.38179890059962,2.12616623964034,3.02898519366337,2.98887097108681,3.98021462587626,1.81859364886342,1.01671989615557,7.57058640334694
"DAG(36:4)",0.00478709614964597,0.0543075792328988,0.0532716016639787,0.0672439701139953,0.0758868254089834,0.0596212398480751,0.0693317361498131,0.0198604424763596,0.0202476550097672,0.0271441919350218,0.019120425027099,0.0123161644631505,0.0325529599095947,0.13058981579539,0.064318058572936
"DAG(36:3)",0.054220009526949,0.0924442904214153,0.101475746239866,0.135336558844924,0.0994618635825931,0.0842428967462081,0.108987672600118,0.0951167673422962,0.120939235177568,0.063273642417311,0.0997638186624466,0.0411810196762401,0.0573210243559719,0.271683015993526,0.0958949618391948
"DAG(36:2)",0.190797509885255,0.187228449459915,0.477664255107048,0.381084321690454,0.247530938287357,0.178381629850826,0.259625162955611,0.272573057794,0.396557123075776,0.282428128023166,0.384621189666858,0.177073791133419,0.613263069411457,0.283062907513139,0.215371754322436
"DAG(36:1)",0.10757070477012,0.144540938006462,0.278035395927507,0.257456204531031,0.246418524134829,0.205307219205306,0.174049375530891,0.134149425506712,0.308161634449545,0.176668740967042,0.291297922045352,0.248006178528158,0.160558902601466,0.135094635264691,0.189065715888068
"DAG(36:0)",0.903686243772148,0.803859053722993,2.43390622998551,1.23752623614144,21.9128372225982,8.70957482836848,2.03621210415662,0.828739272982891,1.20528256258748,1.93863876800887,1.69772711896566,2.8434204774366,1.18500114135325,0.743449977596429,4.21399095132873
"DiHexCer(d18:1/16:0)",0.284624337328814,0.352181424076275,0.162762749013317,0.237993557135181,0.345693495087334,0.342206795419844,0.355766868387173,0.234301948024322,0.370770696337342,0.164391007002426,0.199363446651185,0.273299462026944,0.212381194804527,0.194950520167016,0.348922800314216
"DiHexCer(d18:1/24:1)",0.332454828864616,0.317993812239688,0.264603872844371,0.190473503950132,0.491793332972222,0.348690906095281,0.448849403319688,0.316876514384112,0.504325605633423,0.157745292683818,0.245081020597017,0.233761434529507,0.323018873038077,0.201872942218615,0.395690902335779
"DiHexCer(d18:1/24:0)",0.244756694738421,0.320047312560671,0.295327282445867,0.204104076439645,0.352005955505574,0.373974578544315,0.301164070284364,0.300021134772953,0.4561914330913,0.133855977064727,0.198730830916586,0.314228155590499,0.346724896323708,0.15360441084997,0.335657478937708
"HexCer(d18:1/16:0)",0.803723247515433,0.556583586920186,0.494409661740459,0.432049808486671,0.613502768428997,0.689104951015127,0.495312449122569,0.674304298591037,1.72389536554015,0.266302987216997,0.505264209717885,0.632623864892654,0.437717592996807,0.558864256299309,0.584362208582584
"HexCer(d18:1/18:0)",0.116669468455346,0.0459337718406245,0.0306379748943525,0.037935950279654,0.0298002196369731,0.0265765421674966,0.0508635008248393,0.056843058237945,0.0844547771191676,0.0483256536849732,0.0462859880705532,0.00290888608295628,0.168238965277108,0.0945772567738777,0.03718237387395
"HexCer(d18:1/22:0)",0.667748636433184,0.492328795890108,0.452891932791103,0.26875482690645,0.205859158421275,0.398688501822268,0.255317645708482,0.512308029245338,1.12542548177719,0.257793172312809,0.464072428105114,0.512473327909955,0.328002308167366,0.370038562573118,0.319290557307085
"HexCer(d18:1/24:1)",1.20891419640739,0.856015418413595,1.04131469597317,0.527977782396349,0.757057293624678,0.856158992137457,0.756930146907896,0.97088955457715,2.19798422353245,0.529853513812362,0.933689659768185,0.710502222005856,0.747403850047133,0.981655868018372,0.805035853865077
"HexCer(d18:1/24:0)",1.29832117821958,0.968024074985322,1.1956370284361,0.806261392804879,0.850327639154903,1.32926576551066,0.618270478599107,1.25110663823309,2.24641774896583,0.633621427379274,0.952880084325782,1.63807886373824,0.949750867520281,0.807757176329297,0.907290108672703
"LPC(16:2)",0.084624568041794,0.075894461835953,0.0874637804052432,0.0820551638747622,0.0585922023914728,0.07170694299041,0.0621075846791849,0.0867182002720272,0.139523080616879,0.0647182853375675,0.101763877978249,0.0983870355242098,0.0771501748542744,0.0602636468345646,0.0667573469484083
"LPC(16:1)",0.581401611202779,0.316554802800258,0.189867330610486,0.583865744564227,0.3512019705237,0.254379724483928,0.436147065497082,0.279003946250816,0.461299419800281,0.531220116413465,0.399605381312127,0.759705965120908,0.234881904302579,0.358990836910834,0.33344175380322
"LPC(16:0)",14.7781432786967,2.93749807315326,2.83297539808117,8.73473079253217,6.44949109700801,4.07064202846196,4.65577009921105,5.25814500739556,14.7965515251397,7.49476515988884,7.88333337967105,12.7851819716806,4.01268213730255,5.54157800147345,4.35340893820207
"LPC(18:3)",0.0902030887528817,0.0521071911689014,0.0544532000313862,0.0822216676897896,0.0366686243815801,0.0481589058827922,0.0398368587245729,0.094447653127061,0.0605240182603617,0.071538092732484,0.0594270149895577,0.101847174241006,0.0618577116241984,0.0795581859129345,0.0438373214049181
"LPC(18:1)",2.50521818603255,1.32978086039972,1.05350671044164,3.15216244114408,1.41749159310463,1.29987701678002,1.45008051925708,1.129497491554,1.77264750937358,3.79953832452432,2.65061424002181,4.52547323426265,1.01959045121777,1.41894013216815,1.37294103808625
"LPC(18:0)",3.35930035376596,1.52406738672943,1.83854034559961,3.60800918211191,1.60199785427869,1.76451954902558,1.38356781788325,2.11057610305452,2.75449885618454,3.93394179040629,3.44096820149606,5.87007850749918,1.56231519229772,1.96787994027166,1.56254994697363
"LPC(20:6)",0.150347374302043,0.0343128214189954,0.0343128214189954,0.0343128214189954,0.0343128214189954,0.0368782504848242,0.0318877863786206,0.0773661614146679,0.0820880579402906,0.0451652898359137,0.0314760410840638,0.0587729754263093,0.0605027449866416,0.0849968349048107,0.0343128214189954
"LPC(20:5)",0.114875554631757,0.122855994675743,0.0937343273231529,0.184225566848721,0.0923063708380195,0.097118247531041,0.116887948343365,0.0532982876819016,0.122908641963719,0.202719721476499,0.121313726174934,0.217975710509355,0.108402298127869,0.0981518760052284,0.106584796004241
"LPC(20:4)",0.898315866411429,1.20402993784262,0.827991403836794,1.5405936105461,0.595800165319485,0.673391807621005,1.06619015745611,0.893298947583635,0.776662163161303,1.33086584998461,1.08192041149204,2.31555833236043,0.859533114078287,0.596668404436845,0.847589375545118
"LPC(20:3)",0.315192599989316,0.243300530416542,0.170112797083195,0.508216556223241,0.218828684159741,0.24559741699461,0.216772350650962,0.213777274180048,0.223386370221279,0.472046943642066,0.328574832130937,0.7201085441323,0.201551448532346,0.182697379191836,0.23075387239291
"LPC(20:1)",0.364361736792929,0.454276387284908,0.374802531811103,0.291607551024526,0.145950124818083,0.209688759358089,0.319575171523241,0.233982087720457,0.415000987871597,0.406193194210046,0.376467373854527,0.501115459732404,0.269533406313835,0.267250785525962,0.259079840469646
"LPC(20:0)",0.148042928929379,0.0997251443017504,0.0969643174283513,0.160177545597224,0.0594468366709048,0.0759204319943465,0.0786874518451736,0.0809542704632288,0.158878840230973,0.148013759549945,0.0971158080778834,0.153328579832874,0.098227492533848,0.218687618582126,0.0772929789560141
"LPC(22:6)",0.255604525290194,0.27913058811025,0.171119228005356,0.80618366493047,0.27534140310953,0.289842556875361,0.26514749258077,0.0646751564433294,0.315173178098259,0.818056572052532,0.337343154398519,0.917281255855346,0.165593942756541,0.284928336499442,0.277229747229047
"LPC(22:5)",0.301829408896694,0.364854306228493,0.232832435911765,0.741913789256241,0.270696116205621,0.322245536048263,0.306693940128683,0.117068609772865,0.335334266401538,0.732718561166091,0.351594514101026,1.04416705841019,0.229565331208278,0.278888581021579,0.314376552637965
"LPC(22:4)",0.923670043558823,1.71407724343806,1.5585092730769,1.97422340102316,0.571879939020247,0.780240225933031,1.2594949312324,1.7373701682261,1.50682013283072,1.02113580520703,1.4128281454951,1.83161896318186,1.53897837703908,1.03273976015534,0.991601697920851
"LPC(22:3)",0.176865381855518,0.211499338238476,0.177903913915503,0.203235897036037,0.101400900000334,0.141006719297544,0.153404818964542,0.221818119165087,0.184171154229177,0.153402950089541,0.156067386300117,0.233934976116045,0.207009691356222,0.157612644447878,0.147083498908207
"LPC(22:1)",0.19483970048418,0.145563760623315,0.119838613030614,0.150022592978152,0.0904699396557163,0.10580470159474,0.124964137269109,0.161021256495979,0.178696624542802,0.129420646260827,0.111008556866898,0.181705906060064,0.175075868178972,0.147694675633725,0.1150179252845
"LPC(22:0)",0.357450279442973,0.158558932745659,0.245804050308495,0.290377805353882,0.130169594721505,0.135181396174967,0.152740116241713,0.264726823654883,0.357529664644883,0.281685713306118,0.249337802615397,0.378531136889057,0.285139801526125,0.27505856024728,0.143710238076871
"LPC-O(14:0)",0.105711370695797,0.0609435953841329,0.0572211723319905,0.020600911702663,0.020600911702663,0.0647857293724774,0.0190287828498233,0.0653934744300723,0.0849090362961903,0.0347223482493839,0.0292286274843293,0.0581791426476732,0.0569760651019455,0.0646101464091954,0.0365933331949894
"LPC-O(16:1)",0.157679059835032,0.0610585483371837,0.0594565787227597,0.0490363321211898,0.0166154757876547,0.0429718297358196,0.0257030724104917,0.0912619038737493,0.140712848410075,0.0614350260255746,0.0710705066197824,0.0700779291146053,0.120840257294316,0.0512679016711468,0.0334885855457982
"LPC-O(16:0)",0.380055271594174,0.29699187825306,0.154061648525408,0.158509704995429,0.0957470526635737,0.163429554210398,0.177185433674888,0.294403261229988,0.416193584265163,0.112262814180101,0.121747295547206,0.263105038229872,0.313499093229989,0.16997086929204,0.170176264576985
"LPC-O(18:1)",0.0997371145286683,0.0728238286316087,0.066186411959861,0.0623015893476309,0.0374918361487643,0.0498548398745201,0.0557165854395702,0.0964925919413645,0.103532128159103,0.0536295861799336,0.0632761234420447,0.0643757109611798,0.0914396758252392,0.0753095416908071,0.0527172679458034
"LPC-O(18:0)",10.6438864841302,14.2234215119556,13.4967205462534,13.8183890119596,9.95473828512692,10.9035432979271,12.985991897102,11.8137586163372,12.0332175206563,13.2940189459252,14.4611684628489,15.2975605855081,10.7241086064124,10.689908447024,11.899337524335
"MAG(12:0)",0.273092327258392,0.356940377668757,0.375255753197879,0.312709717054136,0.325764037779426,0.470151289123119,0.246597005196787,0.260277824935656,0.392343905546742,0.32490267903797,0.400407792044805,0.404149144735017,0.220590399086492,0.280955372879514,0.341006243292579
"MAG(14:2)",0.312141117238351,0.352883356315842,0.414052125190575,0.330979897717342,0.287706464193417,0.325791877297686,0.311725235859877,0.256188709813842,0.360482511688191,0.437437447880084,0.446642906267133,0.405533181110546,0.308443453367874,0.272409300117212,0.318683314032564
"MAG(14:1)",0.472954786280565,0.401932531387315,0.441253898681062,0.00504967125947196,0.00504967125947196,0.0617517258151075,0.0764013946429132,0.123462662977562,0.16973953506347,0.226642816692085,0.171638868640554,0.143411331779259,0.130793836632759,0.0934527352509468,0.0687365809421593
"MAG(14:0)",1.24128538629522,1.62567200306988,1.0476017378835,0.723350682655803,1.37037206648914,1.91920134614741,1.16034748471685,0.762521291813002,1.48461587318215,1.19211388748729,1.71681193335812,1.16120157124519,0.709780114124971,0.575839471088163,1.49260971079519
"MAG(16:2)",0.231817098374981,0.296564712199047,0.285487978960754,0.000214710067266559,0.263488977488725,0.282615946337602,0.276525976191028,0.0411071840280277,0.128783332463668,0.180312877310606,0.187449669748583,0.00196373982994604,0.13091570793955,0.15083337945412,0.279554951042877
"MAG(16:1)",0.378659247395446,0.54606858683881,0.283107248528493,0.330439546034886,0.284367960077172,0.356726020952187,0.436351680051842,0.329422789229472,0.375711232746572,0.423365913052641,0.701543914917195,0.409825928451394,0.186802220344369,0.186700579917044,0.394584695176098
"MAG(16:0)",47.6650246400759,79.3941674270904,9.85452391594574,8.05459185154313,78.3022759725305,123.63103118053,50.2833452879398,12.4841425654426,24.4114537693206,26.0460205730049,29.25361639617,21.5425140679521,9.71979383725574,7.52108399346094,78.8463318505198
"MAG(18:2)",0.136196296296679,0.279996241939737,0.220827605876778,0.630670353748278,0.236865522025381,0.284132418520943,0.233394026445113,0.325395833414454,0.230558986254029,0.210810854065908,0.294746338013819,0.331978789654481,0.158777197112302,0.355241331468683,0.257563214309912
"MAG(18:1)",1.05304930417399,1.43268882916504,1.48463941990553,1.87989212822632,1.08393927272555,0.998500557819384,1.5549113491405,1.56582644064917,1.92718727904044,1.32428230246529,2.99980278212097,1.3640119156024,1.09030278399354,0.850058720884691,1.24626986294589
"MAG(18:0)",40.5873962512232,74.2606608018155,11.0095553052365,8.1452931177484,125.291551236252,160.019555720767,58.1431890649454,13.4768298552526,20.8342567102704,26.007084393434,31.4348510190918,24.3613270061508,9.56051210957307,6.06324553654281,96.4587981152921
"PC(30:1)",0.525577494186009,0.588667410462819,0.986611965151317,0.93994695780311,0.364797782869278,0.512155408782165,0.419717310868964,0.87700129225334,0.795340396179082,0.576403240632134,0.625053787003408,0.890852124520704,1.05951839834829,0.694250737327421,0.463686835491083
"PC(30:0)",19.3291653983357,7.97016973533432,11.3399717559647,19.6370773544952,9.22531549625607,8.36929300591792,8.78541808210265,13.6491745738035,32.2799487357057,12.7930542093977,16.8779744930484,13.372067747414,15.5920912135531,18.1869543824958,8.5748346064142
"PC(32:3)",2.52051921921447,0.709341303836472,1.04117000861767,1.69008584247863,1.15004793408996,1.07061385082839,0.762218857625578,2.28274357353952,2.07703061385552,1.26986839662867,1.37643795295093,0.885658936248159,1.85980915410937,2.901156123872,0.903493510333311
"PC(32:2)",1.20911216376704,1.29948706888684,1.70082511656757,1.83265308251324,0.822206443511578,0.879641221485293,1.21494725975412,1.6314612070898,1.22826462340106,1.43538584000146,1.17685079707812,1.35793772449833,1.89329972172713,2.12063554819752,1.03391741839224
"PC(32:1)",20.4913908488594,12.7454227831637,16.2834151640586,19.8301282220146,13.4308611471537,9.59943981071037,17.8311926063221,17.9236977329143,21.7638372842414,19.6576347446754,23.0279500529224,11.9245406211587,22.4050381976066,19.2205570969114,13.0836574913866
"PC(32:0)",120.220096211701,46.9386563051963,37.9874847485107,134.192692958505,44.5951006260331,43.3711298483505,48.2632825555938,61.7344294272653,126.925626865708,95.3427523987188,93.7041675996141,71.0322866926375,76.4281954368619,95.8001085706175,45.7518786628163
"PC(34:4)",2.72830103295407,1.38015751125015,2.01859554944469,2.06792657728974,1.82682736021529,1.1654080737792,2.16241944192459,3.32005664300541,2.02447725071142,2.08025602142597,2.41558065824635,1.42185801973691,2.7463825622949,2.53539356890936,1.58796099817019
"PC(34:3)",16.540575128034,5.15130131726423,5.8471739989871,9.86455100659102,7.78092012680895,6.29166551314425,6.37105691730627,10.9262040015671,12.1723830773244,9.2874241310122,8.49734317066733,9.08310058449418,10.4512738689411,10.6876061392737,6.33123697027634
"PC(34:2)",27.442826498272,18.0937943008406,28.3038980141378,28.7866929463075,13.4306320595503,15.098994943594,16.0947401887278,22.5588152978394,35.7271926950983,28.8823947964059,31.7084466702421,21.1757759290871,31.5199811067224,29.3663611785402,15.5889242603259
"PC(34:1)",61.2731271127241,61.183342539458,80.7317091913926,57.820554630492,44.3128111007878,41.9561577721624,64.6197184680876,48.7958967397333,71.9860829023011,75.1773336081829,70.7658718335859,44.1561040920971,78.1457342929223,79.2553241701476,52.0693717512241
"PC(36:5)",4.32774195922833,3.13197907485964,4.49068288566555,5.71644147707918,3.20176169462491,2.54921416948749,3.93311978976269,5.25690592536631,4.73581416615035,4.2525039180165,4.35901571730953,3.55337475278351,8.04520021795088,4.35395018685952,3.16667877475001
"PC(36:4)",21.1570296428283,17.5930518470345,30.2009243032562,46.1239709494466,21.0455613588452,14.9797606129691,24.7163547322757,32.1993085185937,26.8111770978332,28.9141047653403,32.003924634558,21.7776776832937,43.5692511870103,31.6860592611107,19.2420684153202
"PC(36:3)",11.8819609042253,8.92790898516071,14.0518518801872,20.0157344619183,9.15415200945044,8.05593974397665,10.1448435999428,13.3851507756983,13.6199785213875,15.0970557029574,13.7447102181019,11.3611026301817,19.9907055210372,17.0757428382381,9.04032356253884
"PC(36:2)",17.6595943461641,16.8729322854396,18.5292902314154,16.5984154713878,11.7076745808652,11.9833763423368,16.4848302166776,13.6166758303117,16.5783974407448,19.5287236387859,13.7290491763024,14.2760128115942,22.8816972590715,22.8198950919574,14.0551593126976
"PC(36:1)",11.1299454629476,8.53838150796914,10.5024041816362,10.1720305993765,6.50655477573725,8.25559473528013,6.72950249493963,8.10840744094792,11.8207733375853,11.9084344051051,10.5894201861327,9.44414791902327,10.6723999316584,11.9636012304978,7.45364497685818
"PC(38:7)",0.806884285323011,0.549775314918531,0.94381839847226,1.21599842683147,0.569463638683322,0.445716977269323,0.701778268107172,21.2346551510675,4.60304277105537,0.0566162214467868,1.9667869183195,0.0123200324502986,4.16938934721515,2.67835747681358,0.559534407062291
"PC(38:6)",2.63027494892487,1.86552138398806,2.43330370064089,4.0012946849832,1.9157044842052,2.33384831483185,1.53092733583217,2.23159637002898,2.28328238672576,3.69271259548853,2.47626568717809,2.42854902342704,4.62862157102826,3.00489601886575,1.89044729981353
"PC(38:5)",5.65227023167264,4.41208147288695,8.11845391451035,11.707754857636,6.17628763008591,4.69013363449481,5.81031704677116,7.19673696360128,6.20473580714934,8.21485767222879,6.25368763092951,6.59434711860895,11.4856807261137,10.4720684801914,5.22032197048639
"PC(38:4)",7.51651236006554,5.56550311550703,9.56433853601978,17.3329188905685,4.84024677161201,4.77424506945562,5.64242072542446,9.65230921464978,7.77389754822704,11.3828325265281,8.68202951310501,8.79548530267285,15.1554141494063,13.1425280608334,5.19024672357963
"PC(38:3)",2.47040866202594,2.19743155749266,2.17105252184047,4.40350900993207,1.82064209288831,1.73380557450795,2.30735532067921,1.76920132225113,1.92847635654137,4.2716592247753,2.22162140694203,2.81234139155232,3.53932052231454,3.59978318242245,2.00022812792879
"PC(38:2)",0.838728672049339,0.697004576527082,0.54985097160677,0.978801501627836,0.612561568391472,0.567971127573647,0.75154994086026,0.0112502253533104,3.30508050535135,2.88624075486999,0.650620961886004,0.621811990428276,0.760680523957213,1.48947313134403,0.653440937855548
"PC(38:1)",0.546927769625425,0.423493876566319,0.353622549781725,0.511780803122205,0.565717951398425,0.586296790186375,0.408533540122728,0.579370253295337,0.604947147164936,0.440080242668311,0.777832620587462,0.672103601275132,0.247498163269008,0.302367524270266,0.489570021679167
"PC(40:6)",1.3501030969991,0.904887063033385,0.6950825281348,2.38098720113025,1.19098232708099,1.37844885541172,0.78136022165707,1.73725996458264,0.489734506182027,2.12105129984383,1.44877387524273,2.4099717307131,1.01146618893693,0.88893688656639,1.03821905820211
"PC(40:5)",1.65026887690725,1.05764794333908,0.830334401452956,2.50573348018687,1.26295765855994,1.09612018794948,1.21868259789985,0.744953610452459,0.832713366651277,3.22425354971143,1.20569806371144,2.0381338142403,1.19326122169348,2.11727329420668,1.15579184510754
"PC(40:4)",0.70646337821503,0.630732735667128,0.633001357470766,1.25658041701628,0.534307271701434,0.587588163466253,0.573605078818575,0.627335165007995,0.490567130129864,1.1236182284429,0.58573026960676,0.949577516750295,0.780362251513023,1.25573511162851,0.58055523640111
"PC(40:3)",0.217104539998394,0.211814139286286,0.208187621995052,0.319691485616896,0.211695406422528,0.21486962651669,0.20868304991242,0.231741610325921,0.162229209673261,0.278906249355669,0.183793037805131,0.229205229694464,0.233861589910413,0.396083615791587,0.211754764907852
"PC(40:2)",0.0872537384443307,0.0658921278808969,0.106619754257866,0.102971536454158,0.119088239665473,0.0923971099434878,0.0856743915723667,0.0426947007837437,0.135819364940059,0.128690050621742,0.103934383333369,0.125670608482264,0.0643334681069359,0.118788863650428,0.0889786905985927
"PC(40:1)",0.178128539636024,0.103778566250676,0.14447153771074,0.252287950698339,0.163102780646513,0.124392857597155,0.13655084018678,0.140678788485297,0.173501015770977,0.228414033529456,0.185796903081575,0.316134749074224,0.127309501205385,0.169566315597504,0.130340251517394
"PC(40:0)",0.106513906027347,0.0522634406759937,0.0509118763589094,0.0868169190209221,0.0404921427875027,0.0470426517149621,0.0451134009821789,0.0428228115019162,0.0708710945731556,0.122265804738075,0.062299036145538,0.213709910354638,0.0358895448559653,0.0771965650967125,0.0460697292400586
"PC(42:4)",0.0251854381939321,0.0241802020653883,-0.00100441217678008,0.0568858870226312,0.0313108280555033,0.0430029583062528,0.0166402573657674,0.00259973052313361,0.074337424257915,0.00259973052313361,-0.00538398689389211,0.0395111401412674,0.0264762597245661,0.0718434250759201,0.0275767541230694
"PC(42:3)",0.0946384605479321,0.0159379393764097,0.0804708168150536,0.11704964812625,0.133609213185051,0.0521830699175153,0.0499025919824927,0.147405420470115,0.0622854385538932,0.0804891422174146,0.0609772217752709,0.11358877129901,0.0751441715671076,0.170362787775777,0.0510321805729382
"PC(42:2)",0.121395558286887,0.0941877276188486,0.121372873695427,0.157125381088629,0.154917700884838,0.121984059036056,0.120185422579118,0.0859635948730293,0.0863486404312965,0.201665958573541,0.11010759428531,0.26772532500057,0.0982107337066814,0.119486350991397,0.121081655845951
"PC(42:1)",0.123703917157624,0.129035645021422,0.180565171469815,0.203519213539882,0.173887782446792,0.118986282330736,0.188214538647544,0.103665709263451,0.105281778178511,0.256116765642424,0.156801220726737,0.297421025133689,0.111305795109798,0.168404542172911,0.149896705544701
"PC(42:0)",0.0583852147509202,0.0428240011924706,0.0418658006664802,0.0713572194936103,0.0228461730616805,0.0459287879183614,0.0210227764547833,0.106168889422721,0.105742886701124,0.0236156972316265,0.0586232307771164,0.212739511478385,0.0753263169792742,0.00258941310683277,0.0316541268661139
"PC-O(32:1)",1.11643723701409,1.21141828885767,1.82171325337164,1.37202763634192,0.867016175204838,0.788895492645507,1.33085572628774,1.66339004678056,1.16009939116034,1.35068017797451,1.51956320964999,1.76138913593349,1.38998815410756,1.08044623937627,1.024989659861
"PC-O(34:2)",2.51716933291658,3.36442743676181,3.05632584835679,2.73306151317738,1.53421326817484,2.26092121943727,2.28459110062481,3.37328504118529,2.42875830294134,2.12002896896254,1.69054583383383,4.30683647104174,2.90467376439387,2.92205522140706,2.27272548072273
"PC-O(34:1)",5.99485966733283,7.95248942887774,8.76158665475369,4.60673805747065,4.33767862907089,5.38087287194602,6.411658597124,5.77620100292742,7.24552389806397,5.78005586218855,6.00450600568594,8.65103802653663,4.16925585033206,6.96284281733394,5.87373564363107
"PC-O(34:0)",7.5489708979973,6.50385115126599,9.45601276560086,5.02861976147768,5.00476258930425,5.17001278893317,6.29604950154817,6.43071778184498,6.14493135720582,6.92388645433432,4.14415414847344,11.8666108565253,5.84991128943747,9.70533980983763,5.70536674813307
"PC-O(36:3)",22.0620761605166,22.0969799686165,35.1663862361985,27.851144881733,18.9155035878104,14.431135547984,28.961802620474,39.9785576981171,20.2493021633767,21.9592226480865,20.0257315393434,49.9770855072219,21.1128435017398,30.3952494655918,20.4444794290078
"PC-O(36:2)",4.65820883911539,4.31088375849271,7.99589989177601,5.7823386786469,3.77815544382858,3.12515284576421,5.2108552938652,7.57453309634736,4.86370237715359,4.40026799447922,3.52603801422254,11.4928408670437,4.38401407495079,7.98385388378705,4.0357606617155
"PC-O(36:1)",2.48875951158663,2.51891362891884,3.49693990045573,1.57306909039035,1.70242518800539,1.86312880602606,2.30194746592909,2.36014157750581,2.43372652859728,2.53845162225748,2.70761046483414,2.66130284857233,2.14977640859977,2.0724161967724,2.07100345901941
"PC-O(36:0)",0.620214866207222,0.925775608699562,0.97181494403677,0.31204008466927,0.301829370499577,0.432753630773268,0.649062509504462,0.690486105850806,0.560956538721712,0.502044868838106,0.486706009645841,0.752308424182186,0.48848026161093,0.601034021229272,0.530187299915171
"PC-O(38:4)",18.9142714518763,21.8305948061235,35.1635721782491,25.6707603585651,16.5374515169249,13.3207892436118,27.1006366660413,33.7527872149262,20.3119680277356,20.6533645138529,20.5836023827106,28.33300328802,27.330159293517,29.3591658475176,19.0006860385187
"PC-O(38:3)",8.23132441218125,13.7115975486486,17.3799431723725,13.1770259847814,5.36674443255561,6.47381589503116,11.368719633604,17.2403684495965,9.2303222996599,8.93695852051837,8.38506182941036,17.441337287719,12.2864538015144,14.236797711828,8.57938433331894
"PC-O(40:5)",1.34563951651413,2.23542878180655,2.27277819560596,1.76291109004553,1.18772157929079,1.12808232294179,2.35309663415086,1.75115254914715,1.37039000773019,1.5669206102242,1.11880807252287,2.2952074456502,1.54255509657073,2.68926055485818,1.62993856797453
"PC-O(40:4)",1.86808625026691,3.55453470286174,3.00670069511333,2.45362678014012,1.42591485939341,1.74005038369479,2.91469770833484,2.69171061338072,1.49835789571371,2.05153238775853,1.12396604911331,4.26362576788445,2.1015703409236,3.87977573538393,2.25238112321126
"PC-O(40:3)",0.829986711061551,2.22625804830423,1.869489711723,1.2680812129018,0.638240554468099,0.933599148904472,1.52628069593908,1.90074048406118,0.63931904338916,0.96338908380117,0.612439041957523,1.87811291982314,1.1404981882907,2.22764848758849,1.19400712504805
"PC-O(42:6)",0.314755930065275,0.347280884494806,0.20701779775271,0.256741196514072,0.142455581415583,0.200820195940126,0.248369292996003,0.500778198191939,0.0773129834501618,0.213077921875735,0.0532395931559743,0.595988068195724,0.369425678974154,0.415012573276333,0.223386942596044
"PC-O(42:4)",0.68929769491463,1.06215942007478,0.81798435489678,0.752876892714124,0.629238973744316,0.593395867699791,1.12584816215529,0.900194951052298,0.395070726642958,0.771641249898727,0.407780702841006,0.820801299026159,0.761138182300157,1.43909150999241,0.817868399794861
"PC-O(42:3)",0.546740572559952,1.14836456393707,0.821833312870856,0.693590946218414,0.481671277051219,0.804560570379054,0.689192429823587,1.40369762091701,0.295130551357484,0.484141269401239,0.291074936505399,0.980537841267951,0.595052020006322,1.42146103962686,0.744675151599559
"PC-O(42:2)",0.0960080158260214,0.131200539436715,0.107748163132319,0.0937233436101454,0.0729648954872955,0.167511924151928,0.0559938088840187,0.478970951445844,0.142366680604881,0.00353787591773428,-0.000819661913348575,0.331192005030023,0.116383028466758,0.377401632981707,0.0982344122593032
"PE(34:3)",0.125888030123458,0.0633134945883258,0.056502765018507,0.0639473855157106,0.00866766775447763,0.0273014652332944,0.0266900321565113,0.0915377348428864,0.0904896278302174,0.0649822845784237,0.0504456132515023,0.0845283314155464,0.0683734555926845,0.114711924350039,0.0269944855200685
"PE(34:2)",1.08718363366711,0.980195047156272,0.771967967809873,0.698811043257478,0.618565418979515,0.803310475631639,0.755270315993223,0.805936617808647,1.01838152883128,0.744059995858012,0.612046078275908,0.79259040270505,0.915443188777938,1.0905069401606,0.778924815611236
"PE(34:1)",3.09145009660218,5.85656268496143,2.65359309834612,1.85278707196937,2.10199134179201,4.17841374175136,2.94819142058725,2.40604276399569,4.36999074400881,1.61127028350306,1.5486603477456,2.82103660844034,2.34973804822221,3.53504139898043,3.50996159023342
"PE(34:0)",0.273175552230129,0.430176450354817,0.274064031269238,0.247386231573671,0.185527810497936,0.436479730045352,0.182767401919653,0.274853190836478,0.323029040400056,0.184739324118594,0.146164712480874,0.478648179768058,0.166450127860177,0.428573179647968,0.283371330519243
"PE(36:5)",0.144567504977473,0.137682157090444,0.149890302339466,0.117167885566435,0.0936195810764442,0.10254262636604,0.125973041897973,0.149461718589068,0.176722146995822,0.0859248343132203,0.06751065099057,0.148314995710982,0.173450685617518,0.201121468043249,0.113704338041063
"PE(36:4)",1.24037913761051,1.44783636299853,1.55646470013957,1.47181292382929,0.985349297372133,0.991741761849543,1.4385333993813,1.50446401989919,1.70802204133038,0.976212987416142,0.906260012294473,1.5674023274788,1.7119857507129,1.72320240370479,1.19459802407033
"PE(36:3)",1.16073685422451,0.690030025754661,0.706123756780348,0.85586452872105,0.555284416287506,0.688875585098929,0.556218183793667,0.798817935292752,1.33752955555927,0.693372262909754,0.581316556929816,0.867522532802802,0.864063050710862,1.402590728229,0.619059666877834
"PE(36:2)",4.64587628362098,3.85507213560653,3.98308254398224,2.69935956240736,2.05492025038895,3.0470126831643,2.60074014052399,3.04292308593517,6.48421078521283,2.89986814926533,2.88398305798063,3.06507923959916,2.84823092863036,6.97992440362251,2.81507800282187
"PE(36:1)",11.0633393226145,15.0831234251382,11.1715971889637,7.76730618038832,5.89319369537033,9.05904188552647,9.81437088408595,11.1320037743049,12.7680380860853,7.81699598981959,8.89304612947828,6.1585569401472,10.754880920635,15.3107650145569,9.42915414890138
"PE(38:7)",0.102319773140534,0.115343645386932,0.0942797914281526,0.0961175441278307,0.0950283963594908,0.0654934323992904,0.164381289212197,0.208626016828435,0.088502120519592,0.0550924913536749,0.0661401604620549,0.0879633121578451,0.114635151819203,0.128100537708389,0.104737274104112
"PE(38:6)",0.373969403839778,0.442316475130046,0.459874158247228,0.462724599480963,0.378229782734503,0.314657359477546,0.530886327510217,0.273302828505998,0.547580046960074,0.441808206726698,0.374883596358933,0.332274097124152,0.47751361644671,0.610320835938789,0.409049790439005
"PE(38:5)",1.36890412620155,1.34374301959091,1.64874275439183,1.9105685524881,1.07575129554163,1.07726251726706,1.34186140790158,1.59247417732162,1.82315227665453,1.3399707594241,1.34204028806918,1.2451047570063,2.09998341298862,2.0689860468543,1.20236472950646
"PE(38:4)",7.2456954460902,11.0920681686184,9.72347315399093,10.7071641589998,5.73242628542547,5.75385967793681,11.0507842030047,10.2916624324992,9.80568549515163,7.18593168017772,8.45377161966111,8.0282323501511,10.7086172560311,9.57391656008893,7.97453555781796
"PE(38:3)",1.1979320366271,1.54991950679403,1.61852446363751,1.51402850235971,0.848282829512032,0.841533649257387,1.56228329058962,1.4368395186003,1.66303302149039,1.14248751483525,1.21017578744543,1.37553946272851,1.45766150096243,1.77455068271585,1.1470877789097
"PE(38:2)",0.290660358633269,0.244765997127,0.18861360685851,0.192072434323989,0.199588824562374,0.19731161818237,0.247564464280709,0.197222725616336,0.393992658875542,0.182305039125731,0.227206927983518,0.14369135808723,0.193754843085328,0.32845568022711,0.221075974251563
"PE(38:1)",0.180884893051779,0.165839187842715,0.162751639765385,0.13182293885445,0.110439116992794,0.103097561398217,0.177253520364945,0.00948823598109613,0.613188426946077,0.301561959821717,0.181754900440478,0.133189785672794,0.151010521353954,0.179849220219025,0.135526343032822
"PE(40:7)",0.922375334486668,1.06402047661474,1.16321362528512,0.850831527800443,0.533040136841255,0.553325502839568,1.02534497133761,1.71578327241071,0.821295853402578,0.559824890326332,0.463269005180508,0.836149142214105,1.43051289711296,1.66716903998933,0.753699041894894
"PE(40:6)",0.429768024030935,0.599585722772616,0.529033894119227,0.515137710618777,0.399555674498557,0.387354168287239,0.618304197565019,0.357373153599182,0.740269398611651,0.409636050644678,0.411529175096361,0.324476801666379,0.543204370397485,0.806663524167292,0.489659175693621
"PE(40:5)",0.546846346732858,0.7237868221327,0.508306236157573,0.538402299151026,0.4785091487683,0.410905249920991,0.841644344955849,0.592485710329848,0.67642187135603,0.390063822004302,0.408418658550032,0.417093493523882,0.538634292454419,0.850456918301835,0.588716607300516
"PE(40:4)",0.500216186418804,0.986201543062127,0.555892585171086,0.648093030720207,0.410310963695494,0.455753271653627,0.889004808088115,0.570743990547534,0.579841101979279,0.439847124359489,0.347479538588254,0.546528565285257,0.442908824285664,1.29001454755971,0.637081471376967
"PE(40:3)",0.0723531515261431,0.131917455857899,0.0761382279161661,0.112617533490972,0.0821903828079894,0.0854204611092862,0.127113407654686,0.0901149391717342,0.0878542821381559,0.0596749681994218,0.0439201075163385,0.0931517878782839,0.0867440135842495,0.157293002765051,0.104382798456217
"PE(40:2)",0.104091073053138,0.0101841143553857,0.115360900991946,0.103869880802378,0.0837203822067429,0.0267064841805587,0.0415348433422904,0.100897974842506,0.158099890744938,0.0799558070758618,0.087397492676429,0.108189180702776,0.0799172369125369,0.173328164631029,0.0334932513373207
"PE(40:1)",0.111069638789869,0.125760244047558,0.138883288195281,0.110411083373984,0.0894389225306847,0.0900559471735765,0.124923038279499,0.109004747923483,0.182100046794685,0.0843201353979796,0.0897698326325178,0.205308219728359,0.102026604690595,0.10703066837197,0.106188865174732
"PE-O(36:4)",2.20737529317401,3.29534025229064,2.44521447362559,2.12628812212329,2.1304285967442,1.7662107710538,3.97311107739493,2.35885991466224,3.13669335537224,1.72130078006794,2.09390395990317,1.5379063319152,2.46817749055847,3.14371423170007,2.64985804094365
"PE-O(36:2)",0.22470053951441,0.230882659503281,0.255019272634268,0.095983028979874,0.142419712021339,0.124573424940103,0.262827013273729,0.171753365759856,0.379690706590934,0.137172966614611,0.242344813961608,0.093420885504636,0.190319959515073,0.192943935157614,0.181612279336228
"PE-O(36:1)",0.322589976816048,0.575366962396119,0.499029739438097,0.127243503465818,0.226207488242016,0.23487605543512,0.554645079902802,0.29557354032655,0.543734322250366,0.21055636095595,0.406849783281867,0.112967858597396,0.357777826970512,0.29031096538439,0.361844133861819
"PE-O(36:0)",0.172174338679839,0.375123412151968,0.192488961932078,0.0939709516457414,0.0970722053911382,0.120260623461883,0.306565451561332,0.139999760281946,0.254853830709409,0.132932173337702,0.226203719034659,0.100759527808908,0.137851278169809,0.126175540337576,0.19306652379669
"PE-O(38:7)",0.710924079912322,0.665176038184505,0.76315180579656,0.489228276665132,0.502059717383658,0.413875590689944,0.805641331774327,1.44442192052269,0.684869618049743,0.352213305212784,0.508084318813669,0.405120834525889,0.763504639160029,0.986625187072135,0.577988478881156
"PE-O(38:6)",0.297133787812503,0.340419164458986,0.419057713230641,0.237893593295423,0.302399097710196,0.21208402107627,0.482924390808616,0.253164934369565,0.414407188930275,0.283575556293359,0.297467031783512,0.225805733160622,0.30542193133392,0.446064222363446,0.320863462469563
"PE-O(38:5)",1.56493307501507,1.42635674778961,2.10052360628071,1.47218410830138,1.19315575027768,0.814222641237658,2.08671609840541,1.54835911776291,2.46034703284452,1.45320672248374,1.96631556993488,0.866469825959236,2.22417682572374,2.0615857390646,1.30459532957988
"PE-O(38:4)",2.95819166551221,4.67543562821706,4.86202509191101,2.98150898151805,2.00600764855384,2.06682895692053,4.53821954972084,3.86436635229581,4.67294307647975,2.83497508390148,4.50641892151797,1.73615869304672,5.55198037953867,3.25422101633593,3.06341407286624
"PE-O(38:3)",1.20930332074591,2.55785471472557,2.48846863558511,1.14915104289729,0.883679679848706,0.8741964733438,2.58539553542377,1.53977225018902,2.2098842108374,1.15944149098963,1.80521048384963,0.903146572195667,1.95376819834071,1.57170762176384,1.50487279312619
"PE-O(40:8)",0.427077355087729,0.391615663552582,0.59974307650572,0.308705044606374,0.42455120384375,0.270762101392268,0.611603019830109,0.84084565078219,0.425963768106745,0.267658022645814,0.375045545348245,0.256461087659882,0.562553627242426,0.586015650542747,0.407758985635595
"PE-O(40:6)",0.257809497128468,0.383893467491426,0.327240891228226,0.225386598205604,0.206216177118361,0.180965062812634,0.435977596522212,0.330143495563611,0.387759810687763,0.194918913381812,0.319964599576726,0.133633357264908,0.37370655494937,0.286416908956922,0.281832382940776
"PE-O(40:5)",0.36399703511643,0.605921735213628,0.53664690461658,0.297786264461946,0.277603443936147,0.271167911216736,0.620019305816229,0.386822939812291,0.40871761907502,0.373138976202757,0.405444511730379,0.237316291936862,0.53532677766922,0.434965619004527,0.410881470538401
"PE-O(40:4)",0.450397034536453,1.01408436551033,0.752191181549929,0.516589266245946,0.270235628776696,0.385935752287225,0.714827006481046,0.720215510740948,0.605951300259499,0.443837188336509,0.652784219153705,0.345223563935687,0.796755753702659,0.526042097989146,0.525709740521087
"PI(32:2)",0.0432747260673944,0.0432747260673944,0.517483085943105,0.0432747260673944,0.586227746976275,0.125154323011197,0.225019266762997,0.239787193177572,0.0440003724862859,0.086154618826897,0.152558392824307,0.0971901492517036,0.15179016831228,0.0537269143964929,0.168224212423399
"PI(32:1)",0.328314814118235,0.287845069313783,0.27913587939406,0.217323923871792,0.433335764173947,0.331873457876055,0.376240488600729,0.428768547852774,0.232299724703008,0.238186658220529,0.264353995302493,0.298453910811629,0.224275721767663,0.287917336004372,0.3533804774746
"PI(34:2)",1.23648563298393,1.28586980460437,1.24458940346597,1.58470473432864,1.37708803126571,1.057655924228,1.67358125052794,2.02211295593761,0.958148451941627,1.14221856218373,1.05921030300478,1.77178947824928,1.10684142081923,1.63082664446831,1.33070335870593
"PI(34:1)",8.03222167344526,3.03301282338269,5.04875351126602,3.98103476258191,4.77568151881321,2.82706216762013,5.12308816302402,6.70672090821258,7.34710913683865,5.12339643413015,7.31494187500107,6.07367255227162,3.11880809758872,5.46523889351366,3.80613550995954
"PI(36:4)",2.31968885879119,2.19795414574404,3.69805676597247,3.4085315268636,3.12438094505025,1.98051957458514,3.4667653080765,4.77641917936486,2.76499008643767,2.25961680248439,3.10638142306108,2.58850214335894,4.41518784422653,2.51983877962451,2.62069751244129
"PI(36:3)",1.84159436718307,1.53862165406152,2.06895231589783,3.32441322689346,1.94258482034309,1.80979518556851,1.65162387842041,3.45808913308123,1.74263664450574,1.84927141035022,1.89162739139598,2.53535284434105,3.06717590150091,2.09514628936943,1.72891205475583
"PI(36:2)",12.9099090934154,6.56935179625911,10.4020527701869,10.5879486460393,8.05468470315855,7.15440132221537,7.39611746908426,12.7581679349317,12.0767430539263,10.9195650948336,12.5905019457141,10.1148878365125,9.70663214051774,12.2283246186754,7.2742568452787
"PI(36:1)",17.8574993854897,6.00939310418869,11.5477666359056,11.2634177527056,7.27000216538294,5.83005781963939,7.49355496231896,11.9651591229868,18.4871207160331,15.0485783667506,20.3297118367963,12.9496492400244,10.2678131210124,10.0924553022848,6.60975791345762
"PI(38:6)",0.523234799327013,0.463518039091668,0.685482664866314,0.914933063802628,0.780610001071644,0.502810128097915,0.720032573229962,0.654669893135257,0.765785908641172,0.630276350283219,0.778656288653862,0.831760294510584,0.861141412927017,0.410521796898994,0.601856271843075
"PI(38:5)",2.29668167606559,2.58731424048637,3.51863837584101,3.45934279974171,2.97737941515682,2.26480616086741,3.40091176479141,3.53347368609756,2.84846121314892,2.41021441543299,2.51407583717862,2.23269257128704,7.19605450201687,2.19984551768976,2.7755274360025
"PI(38:4)",31.9210736061384,39.2617271631109,49.8359805342019,46.6250559220044,28.2107919809095,23.3260194552383,47.4822145624286,56.6680773206202,43.6572835630383,33.4284514815592,52.7518667585073,26.4187434330853,67.9934932925661,31.7143870016972,33.2808282114036
"PI(38:3)",6.90574119696685,7.91175148569543,10.7062809075937,8.18316829028744,7.47940013069702,6.53386240446154,9.05638357369291,12.19569315191,8.10555721019604,6.61758670239158,9.23266979141336,6.42556940707388,14.718231331779,5.7084379512526,7.69254286663286
"PI(40:6)",1.53731266382337,1.89463633380296,3.24300067571298,3.29990899475346,2.68017748320333,1.45592173666744,3.48528194495289,2.41675084835409,2.29703996541443,2.38263929769033,2.73572687984087,2.78716896019582,3.932462768012,1.50124309034012,2.25358339340252
"PI(40:5)",1.23916037936404,1.595232762541,1.87462773223444,2.59778225018793,1.86775308192016,1.23121165824664,2.41845831090448,2.26906272753139,1.71171134264797,1.35033367131059,1.56934576867177,2.02649444924399,2.95387901665318,1.22552126863906,1.72615401593884
"SM(16:0)",49.1398468523172,46.8169614753673,63.43556634912,46.7975312423224,32.9350803404146,32.4561328278454,47.5077630820364,60.3782180855424,70.9426764502115,35.4476315018825,40.5956538409875,38.7824864858374,64.0775571734438,75.1085545012877,39.2674491012779
"SM(18:1)",0.418338049891902,0.46318277090602,0.18320103394278,0.458533687192739,0.322202586708499,0.405383253656608,0.368427726917522,0.397732014307801,0.222160776889041,0.511620288591933,0.606664312992653,0.471573006962903,0.123698848052513,0.294941741210501,0.386475144846275
"SM(18:0)",1.0375685220489,1.0117432270946,1.01646335423706,1.05604055721592,0.48952398712269,0.632637983048499,0.784203368112118,0.609291461163592,0.661218950731459,1.82998714006347,0.926532832311337,0.9400405553391,0.948976457497873,1.59904516308291,0.704412521316568
"SM(22:1)",1.02142891646231,1.34473552898142,1.39554138192494,1.1412707159488,0.767780523324565,0.934487924466456,1.10561713114837,0.861064367927974,0.719827682179744,1.6691905145821,0.90691918848991,1.08565009114146,1.16157499092238,1.94225905131949,1.01649252734618
"SM(22:0)",4.48467730737906,5.82616899005888,6.33155379294624,3.73405172348737,2.32208807882238,3.55920226195698,3.80330592350533,3.98728455217445,4.79844498937801,4.84381580801424,4.08409961514358,4.51050025073195,4.66780730826455,6.10488784095533,3.67923571051094
"SM(24:2)",2.94192627438688,2.69756167468072,3.70507233650974,2.35873458655477,2.05299713424913,2.11191676493948,2.62238034024789,2.91372686167282,2.31660669109965,3.06925034192692,2.14805179291562,2.01668204856627,3.21533071077597,5.84947417979756,2.35340685783661
"SM(24:0)",19.7578567548578,25.373100256594,28.3263578583801,21.5037686667969,14.078353925232,17.6597626473946,20.2283080786471,27.9569760031969,16.6820045831915,21.1152257885351,17.5317898456964,22.9283154841527,26.5985769082298,27.5782817336444,18.900475936225
"SM(26:1)",0.549811401808581,0.50697510336762,0.586726912454846,0.468260191282365,0.510626321784105,0.462370277476853,0.559787853625973,0.651842176329183,0.372388824098605,0.631963911092889,0.629897605683303,0.584583963609743,0.387609883878262,0.55985592253912,0.508797500495368
"SM(26:0)",0.20459883618943,0.183778001508041,0.187610308344681,0.211064583557711,0.155294173931678,0.182370036835407,0.156503969185224,0.190987893399569,0.105799217402566,0.292889330397436,0.175060729907065,0.195830003125884,0.22657458347339,0.231221499583933,0.168970317889317
"TAG(46:0)",0.859158467017019,0.985005388106147,0.751495569174931,0.604817839022208,0.505990487001353,1.05535808918058,0.471916193242359,0.524732073786317,1.04033369356805,0.893443879319382,1.10273818775125,0.76382143698499,0.494970863186634,0.634317168037996,0.706528655936286
"TAG(48:2)",0.37615103915063,0.65298986259708,0.480095081585755,0.471264785840963,0.373127836884139,0.749697138512646,0.32435675752345,0.3222369828079,0.38083159566823,0.663433901633609,0.723156366494108,0.639216168541953,0.295737060290973,0.275446354617059,0.493993920531718
"TAG(48:1)",1.10708933319598,1.13996526059651,1.49000036923874,0.836100325002862,1.55379534219626,1.80917931370747,0.978528346083371,0.803562688227095,1.13728285081718,1.54058076430229,1.60385621112398,1.54556987216133,0.761184761434685,0.807028328639725,1.3310109314276
"TAG(48:0)",1.19426112511424,1.14802963043748,0.282591957262734,0.334586638048232,0.373845240652982,0.83818725411869,0.514063713549219,0.485945759013447,0.518927670919866,0.777861285754336,0.776117558029986,0.710752184222225,0.278233856810483,0.298335791606157,0.656711453462858
"TAG(50:3)",0.261811837936454,0.375366795602969,0.180315316401327,0.191304719799731,0.243015344116322,0.405378390634581,0.224734677101357,0.191638619496715,0.185468551113143,0.311068478465718,0.346956268820798,0.246022489518823,0.142061627294771,0.143343222893834,0.3022558444617
"TAG(50:2)",0.752604179472078,1.16225155562954,0.76125101343704,0.602356939835811,0.846829471790931,1.14735557400897,0.857857470748542,0.547154200348896,0.691493460497805,0.996945629971885,1.07905339162174,0.775383791537279,0.498199663761343,0.56235496726968,0.992207404291225
"TAG(50:0)",1.25952513953787,1.14002967150798,0.095347714639705,0.132658750010211,0.330741881691605,1.05734425154624,0.357138600037543,0.218171431227758,0.34280661935996,0.528919722830567,0.435998197023523,0.441247177410932,0.127150663843147,0.130460817631868,0.615989835597039
"TAG(52:5)",0.0906202880643662,0.166779874788703,0.0281798143009313,0.0581862774435645,0.05814506716164,0.0623254335476088,0.156562104772903,0.0465786597659985,0.0406093574647003,0.0630522130817475,0.0219291567681302,0.0864931974087646,0.0465050515175347,0.0937728015416044,0.0997573525569128
"TAG(52:4)",0.308677161377279,0.56331052934055,0.202022448702736,0.21940519531468,0.244781827299651,0.277496676641208,0.498072322720474,0.186487964472491,0.185314039299519,0.341702487498966,0.20849988464925,0.211771858792408,0.11822423201401,0.641354400515164,0.372189879870616
"TAG(52:3)",0.793155906322031,1.11776038908335,0.481070717644056,0.470458847859801,0.53818695926649,0.664581809742838,0.906454504915382,0.405218106455455,0.61710326364805,0.792596483805749,0.665696396312702,0.44068282869556,0.376793899007635,0.884390250778208,0.776271924001357
"TAG(52:2)",1.48828882919753,1.52714682176094,1.56368597573547,1.28836073328043,0.844795839565559,1.10423320917979,1.16923850879467,0.895563980556659,1.89473218169942,1.81416911839828,1.84049466428133,1.22942823658444,1.36017788806632,1.39159568034122,1.13627514499909
"TAG(54:6)",0.19490812831379,0.370456699391284,0.124608902789791,0.12047366120965,0.139196780297028,0.146206923545817,0.353382834147966,0.108150459224456,0.121840189535021,0.163365348791306,0.0703411237491798,0.113300569318187,0.0748741119431671,0.711826733765178,0.22824968959395
"TAG(54:5)",0.369209334097088,0.65400359001038,0.223619868657035,0.245064013872466,0.233541022276507,0.264919439043944,0.578216365015025,0.251885024298561,0.209614961332353,0.283657174330974,0.124771984466239,0.292481498968169,0.188445077585816,0.860135328355617,0.392134446555376
"PS(32:0)",0.637890790345804,0.841998567928634,0.636015482713953,0.723027798244674,0.843890319662529,1.2636643445289,0.561197060391674,1.04918027941697,0.406396415029767,0.594370756990362,0.487678160361063,0.570863439827157,1.00838278278067,0.726627936921304,0.842943919329166
"PS(34:2)",0.386199766292076,1.55662441472667,0.875383480458335,0.367656022797676,0.604831854258485,1.25804777576241,0.749601185573533,0.739123001828102,0.91036007375985,0.294017901099435,0.830386330696239,0.662101876686461,0.593054446070074,0.160149016650463,0.97143292885098
"PS(34:1)",7.38868611484888,10.1915047845099,10.1192890670861,7.74805300716069,8.26790854358353,7.84279672509776,10.7437641135173,14.1964488699925,6.98295581293029,7.51849601652333,12.9119912799031,9.83280935522546,7.25822887637005,4.81668057835764,9.17951160906295
"PS(34:0)",1.6741797301581,1.5701960969622,2.03912781303418,2.40681123640444,1.52975037119159,2.16335590998409,1.10951637358414,2.26754586489909,1.60642106510037,1.71498832654497,1.30869317718334,2.07441639103154,2.60193753854325,2.57012097299199,1.54984214805635
"PS(36:4)",1.10254145165513,1.54923027701154,1.22320768285437,1.46553147228912,1.12702794337354,1.41517265264167,1.23398148661497,2.92896252460779,1.0469828244845,0.781509583036429,1.23433037518714,1.52116864459656,1.38670248961364,0.891985337322046,1.32149855242737
"PS(36:3)",1.07935083511824,0.765058409038352,1.37296676896451,0.718660780401768,0.547434310239259,0.792722685403604,0.528223420732407,2.12509823060638,0.68039745092608,0.859799032283447,1.05693477272073,1.12176274989813,1.15210887704927,0.756283450086895,0.647300653915262
"PS(36:2)",8.71121769131869,7.37462150751846,11.6782030829587,7.76180240483123,5.34431462912589,7.92867745728326,4.9706264558574,14.955749366563,7.52296258906941,7.80666462908021,9.89357008858188,11.3937969707366,7.90132037097527,7.90818352375334,6.27805112640346
"PS(36:1)",54.4646241977659,70.2317627968398,75.3572688676984,49.6602380315643,40.4986416004478,49.3179186688544,57.6733256157114,70.9423304998347,53.2916351091162,56.6698079309002,66.5421957878491,76.6183278458789,51.1826367576308,45.2086588640491,53.3322758655914
"PS(38:5)",1.00386659759774,1.06786067551775,1.79893586100144,1.54025345074606,0.904973683316786,1.04578438947263,0.924105639574216,2.70406010607983,1.24410276161364,0.929330130895976,1.58605033142024,1.70000252103515,1.43436059279657,0.972581478397785,0.983083154816755
"PS(38:4)",5.96784119897229,7.74596449144748,9.1176014916567,9.11318377086771,6.23343917062255,6.63194346744177,7.28062099809047,11.6457322904372,6.35094835511258,6.53104724369548,8.29272819946558,8.92897746370112,8.59755475721169,6.21951757364682,6.9487277940627
"PS(38:3)",3.33510939800171,4.01601167395234,3.74505950525884,3.4680181237805,3.23963396697551,2.78583048398311,4.66949125029802,5.46463799586093,3.26120453356822,2.94214608197223,4.26153317242688,4.85203940061174,2.8768020428228,2.39830823864696,3.60705187785791
"PS(38:2)",1.11365789322927,1.28700680524929,1.05733850060092,0.910114202273471,0.934061471772596,0.758399618463115,1.583512183038,1.247825212501,1.27796993874366,0.899713264153576,1.34503541861758,1.3343275833,0.887949681214129,0.623060797076604,1.09655056525345
"PS(38:1)",1.2624507921171,1.52118245594198,1.34605100264987,0.966889053533618,0.986526941537233,0.936427710804139,1.60223572845186,0.847514001283386,1.4572070380438,1.50880525189391,1.7407975420669,1.5236526438785,0.89750684547591,0.779549489002684,1.22525890798461
"PS(40:7)",0.697332215641304,0.568242291274303,0.739172609952976,0.712429870522042,0.398699241882559,0.480624144864849,0.471686823899264,1.78133868266182,0.670218776711316,0.444399794327,0.852821051397675,0.893840832244026,0.603310259285905,0.503910280302825,0.476134946355681
"PS(40:6)",4.15113016931213,4.82459507785159,3.95384588071434,3.13438097063835,3.81189085819833,4.79696435097578,3.83385932202323,7.16395854582182,3.82185994648519,3.15483567915475,6.70720077801327,5.3562632404951,2.44242987404387,1.83137361649303,4.28852238927886
"PS(40:5)",3.47745053699529,4.32215715562635,3.04949688531168,3.53145689837001,4.27718694775438,3.55622246669496,5.19796663322987,6.47294504142575,3.6375075970494,2.63948353730625,5.91128651404871,4.90543440478484,2.15784783500247,1.68791790611646,4.29961339486758
"PS(40:4)",2.78373399840844,4.16391444664308,3.25436425728655,3.48165216214383,3.14358275316374,2.24190188371914,5.83518566607154,5.49128835991389,2.71821252542593,2.73370976279556,4.76824291060601,4.77055934257335,1.99350879678767,2.0142273229715,3.61805521073131
"PS(40:2)",0.674023695892284,0.555459946019148,0.339133795620276,0.526612697884462,0.499150806862178,0.515263845305615,0.538113848567629,0.830015897976468,0.506022783227107,0.438756101355245,0.653109360225689,0.744636653105155,0.395035228759709,0.267375778874832,0.52656722576383
"PS(40:1)",0.52018007265988,0.50593953587176,0.439323074125143,0.451180207642698,0.499709689475472,0.567004000908701,0.445766996768059,0.017591392511518,1.20541857375902,1.7282758706351,0.536078705656223,0.552326539906129,0.362612305922861,0.55804257917507,0.502815152484122
"CL(58:2)",2.8283395746607,3.38983061451048,3.91233841203406,3.11375304478271,2.67449466826675,2.78209746757675,3.25880678903542,6.49774778288187,2.17999370389338,2.36196726114524,2.59195618474525,3.93088769563615,3.0680799350542,3.6205756327363,3.01106391154895
"CL(64:0)",0.021551117525124,0.0252945959580691,0.0176792530719232,0.0658435636937575,0.0669600842728975,-0.000134431458150652,0.26532879304305,0.0566066579716257,-0.0051478960626041,0.0971179181407576,0.0365850631533116,-0.00154161568145553,0.117177684245103,0.0563893022047301,0.0421178959601293
"CL(66:4)",0.0317047327464669,0.0317047327464669,0.0317047327464669,0.0317047327464669,0.0317047327464669,-0.00174530534424497,0.200702491853121,0.106446434846187,0.0781228652787566,0.00581901423639048,0.05056797812862,-0.00531919991366765,0.11367954583121,0.055958016467651,0.0317047327464669
"CL(66:3)",0.248474903740663,0.316456838406184,0.481404335862169,0.400974661415113,0.365356075716445,0.323551660326989,0.357372051558119,0.535861341924551,0.129160298154448,0.430179655193011,0.292943141664606,0.325724972020969,0.48702448665121,0.437701874619812,0.34005364982377
"CL(66:2)",0.0543041845544074,0.0710868064782986,0.0692796476551745,0.108539869714336,0.0790189461704394,0.00293037598431811,0.54824069383433,0.271807437987834,0.00316965812203843,0.0909884295647231,0.0498884141042847,0.0848876555290563,0.0818344749514195,0.104802458035664,0.0749603558197851
"CL(66:0)",0.519525504871581,0.515122369072451,0.711497681417575,0.731253164673634,0.529427569966324,0.618635818901061,0.440603473373339,0.768106845092027,0.633865751968605,0.589192008681797,0.808896298007906,0.67025015931046,0.528094917352322,0.598495444381399,0.522226909770364
"CL(68:5)",0.236178911414733,0.447625161911343,0.311137584940282,0.291429924536685,0.592227643327539,0.333113809073901,0.793216062708491,0.372250489777609,0.219800983989933,0.228006325858408,0.213690348376162,0.182810702977041,0.488487581604143,0.323184693894892,0.514970973278763
"CL(68:4)",0.333194073741828,0.513290038608579,0.373125058924031,0.29976917972887,0.653839142539645,0.329728040524358,1.01252498790882,0.421790536708338,0.183174608967983,0.386456946802193,0.270842943464006,0.289817468952891,0.444369360032738,0.382640434852147,0.579389862934083
"CL(68:1)",0.423429265406276,0.89943927451121,0.597122829789802,0.0194105883848054,0.0194105883848054,1.29805025748265,0.010448101294747,0.35948033697961,0.172609267152011,0.195327953794011,0.237287525347708,0.280058583834295,0.142511152830185,0.105253442329437,0.153545541558385
"CL(70:6)",1.37963642790528,1.54456421619904,1.65995611476417,1.4648105241198,1.47589282841967,1.37362955584412,1.65946117218403,1.83896285318146,0.847512181534872,1.65973852830515,1.1702814017194,0.942133538769782,2.47088487157732,2.00530959276206,1.50984072197319
"CL(70:5)",1.33530508508954,2.50871927925931,1.67542110664105,1.64808978960562,1.97381390823502,2.00021214035362,2.47564329944567,1.87548305355335,1.27650708784731,1.40884602094746,1.40540788960049,1.06377162851023,1.83863175854444,2.13286488181313,2.22532331825495
"CL(70:4)",0.897647702654319,2.26541308938449,1.41492431980624,1.44138734008472,1.26093824208426,1.38344686798971,2.06536403308289,1.46186597579235,0.889277162961231,1.08742511192952,0.962811880358041,1.36578693977674,1.18250503423349,1.57028308956892,1.69056152838933
"CL(70:3)",0.445905272610307,1.30659158873722,0.785641700050357,0.557260365719016,0.372704566720583,0.586337279080963,0.834933951290395,0.737365296231281,0.378612447601638,0.528225693007261,0.43083945349645,0.857721828501641,0.429371446892013,0.782124583478622,0.699834919904368
"CL(70:0)",0.344056275407156,0.361362878078471,0.696397354894226,0.546053051445535,0.368700560903896,0.290907923316177,0.457369980415672,0.131858526924714,0.594402249921375,0.896509381753783,0.493005719564777,0.588264770076881,0.459094621071416,0.609656822362316,0.365013773383328
"CL(72:8)",1.27299380406195,1.77559325317017,0.0130095756925955,0.773865967992963,0.534198657089705,1.03011103075355,0.924243962185118,0.633372558551582,0.226040740919712,0.299685031918145,0.214291016804802,0.12897440301148,0.400365353972224,0.396990565059718,0.975757297961137
"CL(72:7)",2.49129608289278,3.39076749017239,2.08318269034597,3.05620214338716,1.72745786518569,2.85508808745008,2.05230665275166,3.040053147932,2.03843479716905,3.09542868625326,4.28481324516463,3.11642917916324,10.4254860242848,0.261330805155047,2.42077975626502
"CL(72:6)",3.95825074002165,5.67604294634904,4.94146188834229,5.492393400658,2.75949955029406,5.07728110919254,3.08546357766847,4.95853789204497,3.59468841476077,4.52585041588563,3.37173163823828,3.68408147723226,6.77752201108809,6.67136336733483,3.95831114995616
"CL(72:5)",2.85148102348907,6.06126955470715,4.27588923238474,3.54039931267183,1.9819480226011,4.08669195735441,2.94205339089911,4.27640017570246,2.44737822418385,3.41239576755525,3.06151229472042,2.96239851848168,3.83300511738843,4.63964485636485,3.467593044647
"CL(72:4)",1.90039424925054,5.29005478806777,3.77243302003305,2.67702649069189,0.0188694559504185,0.452605887226996,0.320756054913427,3.08299292584499,1.93478418589124,2.45824241787471,2.21044558876027,2.77221869734872,2.43077071832272,3.77476766752739,0.381164541131896
"CL(74:10)",0.755816863803148,0.776152199702572,0.515779280480371,0.763600918903419,0.475252217847116,0.819707056479287,0.449779262442112,1.65800988681736,0.38312977257311,0.501148647822384,0.501247758409929,0.41833207652544,1.40138927763874,0.656688346558765,0.607642371013406
"CL(74:9)",1.16777143360107,1.51842059500426,1.10117369443541,1.12618268597839,0.72722261335346,1.33289967744513,0.829069547991851,2.08922587734558,0.878766623542685,0.744779712392818,0.658061174775233,1.02149484861913,2.33923675178289,1.05754477646847,1.05150187251474
"CL(74:8)",1.66648676423455,2.57151910016834,1.60366687546044,1.55209971193404,0.696711025559897,1.55119368630909,1.15858531185556,2.93433993006012,1.16881738557824,1.2443463804414,1.26117965852534,1.42536964003558,2.31089943450717,1.58744877872128,1.34069908224683
"CL(74:7)",0.981655406250093,1.54111791406902,1.46147764244255,1.3879014667475,0.681671458479093,1.04181136298639,1.01001559181772,1.784507262596,0.825574166121472,1.10405927149911,1.01130870459472,1.40130178924018,1.46510536571035,1.29048559161713,1.02579147993077
"CL(74:2)",0.368330388195773,0.219770864968104,0.547267927038267,0.942729005073382,0.0851237692623503,0.115208584640634,0.164562078192708,0.311731844295144,0.738527600221612,0.585306682224572,0.515292286475558,0.525706155819838,0.737426096788841,0.615841430584917,0.137840017391898
