NAME,CLASS,SAMPLE,IS,chemsc,C,db,MASS,ERROR,ISpmol,INT:C059.mzML,INT:C079.mzML,INT:C080.mzML,INT:C081.mzML,INT:C083.mzML,INT:C084.mzML,INT:C103.mzML,INT:C105.mzML,INT:C123.mzML,INT:C135.mzML,INT:C137.mzML,INT:C141.mzML,INT:C145.mzML,INT:C149.mzML,INT:C155.mzML,INT:C176.mzML
,,,,,,,,,,,,,,,,,,,,,,,,,
###,Car,,,,,,,,,,,,,,,,,,,,,,,,
Car(14:1),CARN,1,0,H40 C21 O4 N1 ,14,1,370.2949,-0.82 ppm,46,0,0,0,0,0,0,8981,16582.8,2463.4,9646.4,3936.4,1315.8,2519.9,2327.2,3303,5789.2
Car(14:0),CARN,1,0,H42 C21 O4 N1 ,14,0,372.3105,-0.89 ppm,46,0,0,0,0,0,0,11790.2,24969.5,5151.9,12842.1,7290.6,2796.7,5806.9,5502.8,11020.3,6835
Car(16:1),CARN,1,0,H44 C23 O4 N1 ,16,1,398.3262,-0.76 ppm,46,0,0,0,0,0,0,5064.3,15007.5,2152,8500,3326,1240.3,3184.6,2669.7,2232.6,4138.3
Car(16:0),CARN,1,0,H46 C23 O4 N1 ,16,0,400.343,2.19 ppm,46,0,0,0,0,0,0,10541.4,58892.2,13324.6,38355.2,15711.3,5976,31343.3,10475.3,13451.7,13549
Car(18:1),CARN,1,0,H48 C25 O4 N1 ,18,1,426.358,0.54 ppm,46,0,0,0,0,0,0,5243.7,13724.7,2978,16905.3,5028.7,2832.7,5767,6138.4,2914.5,7878
Car(18:0),CARN,1,0,H50 C25 O4 N1 ,18,0,428.3739,1.13 ppm,46,0,0,0,0,0,0,3454,6777.8,3612.2,8817.9,3908.4,3363.4,4291.7,7819.4,4341.9,4538.5
,,,,,,,,,,,,,,,,,,,,,,,,,
,,,,,,,,,,,,,,,,,,,,,,,,,
###,CarIS,,,,,,,,,,,,,,,,,,,,,,,,
Car(15:0),CARN,0,1,H44 C22 O4 N1 ,15,0,386.3262,-0.84 ppm,46,0,0,0,0,0,0,2043203.5,2490229.5,2931512.5,2536408,2387327.4,1686915.4,2477245.3,2899290,2155713.7,2527348.5
,,,,,,,,,,,,,,,,,,,,,,,,,
,,,,,,,,,,,,,,,,,,,,,,,,,
###,CarOH,,,,,,,,,,,,,,,,,,,,,,,,
Car-OH(14:1),CarOH,1,0,H40 C21 O5 N1 ,14,1,386.2899,-0.48 ppm,46,0,0,0,0,0,0,2043203.5,2490229.5,2931512.5,2536408,2387327.4,1686915.4,2477245.3,2899290,2155713.7,2527348.5
Car-OH(14:0),CarOH,1,0,H42 C21 O5 N1 ,14,0,388.3052,-1.29 ppm,46,0,0,0,0,0,0,44382.1,59458.1,66730.2,60550,57548.6,42096.1,53732.9,64534.6,47646.9,52092.2
Car-OH(16:1),CarOH,1,0,H44 C23 O5 N1 ,16,1,414.3218,0.89 ppm,46,0,0,0,0,0,0,8354.2,7497.2,12031.3,9903.2,5851.9,5851.1,7016.2,7083.7,6022,6353.1
Car-OH(16:0),CarOH,1,0,H46 C23 O5 N1 ,16,0,416.3372,0.45 ppm,46,0,0,0,0,0,0,2566.9,5149.4,2047.8,4586.4,1903.9,1718.2,1450.8,2175.1,1081.7,1543.2
Car-OH(18:1),CarOH,1,0,H48 C25 O5 N1 ,18,1,442.3527,0.11 ppm,46,0,0,0,0,0,0,1631.4,2773.1,1294.3,3090.6,1356,915.4,1065.5,1495.4,0,1158.3
,,,,,,,,,,,,,,,,,,,,,,,,,
,,,,,,,,,,,,,,,,,,,,,,,,,
###,CarOHIS,,,,,,,,,,,,,,,,,,,,,,,,
Car(15:0) b,CarOH,0,1,H44 C22 O4 N1 ,15,0,386.3262,-0.84 ppm,46,0,0,0,0,0,0,2043203.5,2490229.5,2931512.5,2536408,2387327.4,1686915.4,2477245.3,2899290,2155713.7,2527348.5
,,,,,,,,,,,,,,,,,,,,,,,,,
,,,,,,,,,,,,,,,,,,,,,,,,,
###,CE,,,,,,,,,,,,,,,,,,,,,,,,
CE(14:0),CHES,1,0,H76 C41 O2 N1 ,14,0,614.5868,-0.47 ppm,111.6,3482.9,5405.7,3224.8,3223.1,5122.3,5735.6,12302.9,23601.1,6485.8,14551.5,69071.7,14650.6,25839.1,10907.2,17771,9238.9
CE(16:2),CHES,1,0,H76 C43 O2 N1 ,16,2,638.5871,0.06 ppm,111.6,1484.5,1965.3,0,0,1306.7,1355.4,2126.9,4311.5,1226.6,1325,11574.6,3001.8,3731.2,2417,4444.5,2231.6
CE(16:1),CHES,1,0,H78 C43 O2 N1 ,16,1,640.6029,0.36 ppm,111.6,37914.8,61038.2,24052.7,30729.8,47575.5,77292.9,62075.6,229237.3,27220.4,105033.6,442100.2,73326.7,133971.1,51790,106263,103030.4
CE(16:0),CHES,1,0,H80 C43 O2 N1 ,16,0,642.6184,0.14 ppm,111.6,40948.3,86151.4,27509.2,1560334.1,60952.3,69716,97584.8,369087.5,37803.2,169222.9,727968.3,90248.8,255521,90381.9,174262.6,142101
CE(18:3),CHES,1,0,H78 C45 O2 N1 ,18,3,664.602,-1.01 ppm,111.6,7475.3,12270.2,4817.3,3259.2,11647.1,10585.5,10223.3,12241.9,4409,15846.2,82857.2,7931.7,22633.4,9461,14979.6,13473
CE(18:2),CHES,1,0,H80 C45 O2 N1 ,18,2,666.6181,-0.46 ppm,111.6,52211.5,99338.8,42048,34804.3,99512,98842.2,88811.6,191723.6,43051.7,186654.6,720152.8,101974.3,236647.9,116769,153555.1,136597.8
CE(18:1),CHES,1,0,H82 C45 O2 N1 ,18,1,668.6338,-0.38 ppm,111.6,161824.8,267185,105359,164901,259533.6,356149.8,238967.1,1497166.6,120531.1,811245.1,1758113.8,248652.4,671958.6,224559.9,435726,530888
CE(18:0),CHES,1,0,H84 C45 O2 N1 ,18,0,670.65,0.53 ppm,111.6,10011.5,19732.1,7498.2,8731.4,14684.5,17440.4,22067.6,89058.3,8416.2,52988.1,172110.8,21402.5,65886.2,20962.4,47674.4,30077.8
CE(20:4),CHES,1,0,H80 C47 O2 N1 ,20,4,690.6169,-2.18 ppm,111.6,60829.9,99688,55835.9,54748.8,176588.8,141685.6,59924.7,411413.9,97487,162371.6,638114,62329.5,212519.1,59485.3,163119,149480.2
CE(20:3),CHES,1,0,H82 C47 O2 N1 ,20,3,692.633,-1.43 ppm,111.6,18915.3,25063.3,17490.3,24729.2,51363.8,55971.5,14742.2,215606.3,51132.8,94473.7,158255.2,14857.4,73806.3,13468.1,48181.5,74849.8
CE(20:2),CHES,1,0,H84 C47 O2 N1 ,20,2,694.6489,-1.06 ppm,111.6,4262.2,5270.3,3314.6,6173.4,10876.7,11127.8,3871.7,60024.1,9126.6,35725.1,23170,4250.5,10566.7,2561.3,8438.7,18279.2
CE(20:1),CHES,1,0,H86 C47 O2 N1 ,20,1,696.6638,-2.21 ppm,111.6,6193.4,9594.4,5489.4,7020.1,8631.7,10501.1,7347.3,63589.8,9384.8,45824.6,38168.4,10164,13252.1,8605.1,12141.2,16281
CE(20:0),CHES,1,0,H88 C47 O2 N1 ,20,0,698.6801,-1.23 ppm,111.6,2048,7216.5,2955,3264.1,3537.1,4604,5134.1,8808.2,2590.7,9554.6,17118,4384.6,6967.2,4009.4,5088.6,3432.6
CE(22:2),CHES,1,0,H88 C49 O2 N1 ,22,2,722.6792,-2.49 ppm,111.6,1734.1,3775.1,1519.3,0,5455.8,1899.5,2203,10771.1,2665.4,5318,8842.1,2155.9,3450.2,1303.1,2085.6,2679.4
CE(22:1),CHES,1,0,H90 C49 O2 N1 ,22,1,724.6959,-1.03 ppm,111.6,2205.1,1813.9,2183.3,3674.9,5178.8,7079.8,2378.6,22954.5,3656.3,12409.1,7444,3486.4,4247.2,1424.2,4005.8,7615.1
CE(22:0),CHES,1,0,H92 C49 O2 N1 ,22,0,726.7125,0.38 ppm,111.6,0,1245.6,0,4959.5,3428,2777.1,2153.2,7344.8,3747.4,6567.7,8611.3,4815.2,5428.4,2922.1,5686.9,6822.4
CE(24:1),CHES,1,0,H94 C51 O2 N1 ,24,1,752.7271,-1.03 ppm,111.6,2636.3,1584.7,3133.6,4996.4,4923.8,7746,2554.8,53098,6403,16774.5,9592.8,4897.3,6919.9,3458.6,6039.4,13562
CE(24:0),CHES,1,0,H96 C51 O2 N1 ,24,0,754.7435,-0.05 ppm,111.6,1327.8,2670.1,1324.1,2394.4,1270.4,2787.5,1363.7,9788.2,4141.8,7167.1,10229.7,5037.2,5794.7,3528.2,5025.7,3875.7
,,,,,,,,,,,,,,,,,,,,,,,,,
,,,,,,,,,,,,,,,,,,,,,,,,,
###,CEIS,,,,,,,,,,,,,,,,,,,,,,,,
CE(17:1),CHES,0,1,H80 C44 O2 N1 ,17,1,654.6188,0.62 ppm,111.6,250101,353031.5,328772.6,407443.2,243978.2,320113.9,779278.1,996635.6,1452203.1,1237946.4,1607094.1,1349853.7,1598662,1524180.2,1182471.4,1097669.5
,,,,,,,,,,,,,,,,,,,,,,,,,
,,,,,,,,,,,,,,,,,,,,,,,,,
###,Cer,,,,,,,,,,,,,,,,,,,,,,,,
Cer(d18:1/12:0),CERA,1,0,H60 C30 O3 N1 ,12,0,482.4569,0.20 ppm,32.2,15556.9,15422.9,15609.5,16879.5,12449.3,13150.2,17198.3,19678.2,22374.9,20574.7,25858.8,20886.5,21136.1,20087.5,23802.9,15706.5
Cer(d18:1/14:0),CERA,1,0,H64 C32 O3 N1 ,14,0,510.4883,0.55 ppm,32.2,782.2,0,906.5,877.3,830.4,750.2,1963.6,1434.3,2465.2,1488.7,1200.5,0,1528.6,1917.7,2146.4,1669.7
Cer(d18:1/16:0),CERA,1,0,H68 C34 O3 N1 ,16,0,538.5197,0.58 ppm,32.2,30180.1,57103.6,64601.7,47708.6,75301.1,38865.1,68467.1,98356.6,108482.9,106530.9,55254.4,49514.2,65101.4,103322.7,90835.6,84620.7
Cer(d18:1/18:1),CERA,1,0,H70 C36 O3 N1 ,18,1,564.5348,-0.39 ppm,32.2,1143.3,1718.4,1400.8,1579.6,0,0,0,1142,2021.1,3784.7,1150.1,1533.2,1480,2911.1,2168.2,1651.4
Cer(d18:1/18:0),CERA,1,0,H72 C36 O3 N1 ,18,0,566.5507,-0.01 ppm,32.2,1724.3,3144.3,2680.6,2929.5,1434.7,1072.6,1914.5,3374.9,3084.1,5652.7,3084.9,3319.8,2855.2,3865,3821.1,4173.1
Cer(d18:1/20:0),CERA,1,0,H76 C38 O3 N1 ,20,0,594.5813,-1.09 ppm,32.2,0,0,1184.7,1160.4,0,0,1362.3,1615.5,2534.6,1772,1209.4,1447.8,1824.1,2166.2,1785.8,1464.6
Cer(d18:1/22:0),CERA,1,0,H80 C40 O3 N1 ,22,0,622.6133,0.01 ppm,32.2,4475.5,7995.9,10308.4,13517.1,8609.5,5042.2,11067.4,13706,18524.9,16057.1,9246.5,10563.6,10734.9,19506.2,12434.5,13082.7
Cer(d18:1/24:2),CERA,1,0,H80 C42 O3 N1 ,24,2,646.6134,0.20 ppm,32.2,22745.4,26708.8,27777.7,30817.8,25099.6,22284.6,38897.7,40920,49328.7,44378.2,46172.1,47826.2,47395,50936.4,47801.9,36599.2
Cer(d18:1/24:1),CERA,1,0,H82 C42 O3 N1 ,24,1,648.6287,-0.36 ppm,32.2,27695.9,46922,38529.8,61946.3,59130.5,29084.9,43434.9,99207.4,87117.8,82444,68085.9,60780.3,37469.8,114286.5,87044.4,90046.3
Cer(d18:1/24:0),CERA,1,0,H84 C42 O3 N1 ,24,0,650.6448,0.41 ppm,32.2,31949.6,47787.7,50451.4,81550.8,51144.8,30673.4,43816.8,63007.8,131248.1,87136,77897.2,70957.3,70390.1,166490.6,66736.3,85563.4
,,,,,,,,,,,,,,,,,,,,,,,,,
,,,,,,,,,,,,,,,,,,,,,,,,,
###,CerIS,,,,,,,,,,,,,,,,,,,,,,,,
Cer(d18:1/17:0),CERA,0,1,H70 C35 O3 N1 ,17,0,552.5357,1.21 ppm,32.2,476945,530232.7,482047.4,589318.6,386563.1,397177.4,690326.2,761366.9,949451.2,946663.6,908744.7,809667.8,985108.3,906907.1,850775.8,768277.5
,,,,,,,,,,,,,,,,,,,,,,,,,
,,,,,,,,,,,,,,,,,,,,,,,,,
###,DAG,,,,,,,,,,,,,,,,,,,,,,,,
DAG(28:0),DACG,1,0,H64 C31 O5 N1 ,28,0,530.4781,0.36 ppm,64.3,9676.2,5331.9,5003.5,4697.5,3300.8,8301.9,15295.7,11591.6,6285.6,10288.3,9937.2,9236.9,9788.2,8450.7,6033.8,7021.3
DAG(30:1),DACG,1,0,H66 C33 O5 N1 ,30,1,556.4931,-0.79 ppm,64.3,5530.8,2765.7,3242.6,3979.4,1854,3703.1,6210.8,4688.3,4891.8,2641.1,3281.4,6443.8,4960.3,3631.4,2616,1676.9
DAG(30:0),DACG,1,0,H68 C33 O5 N1 ,30,0,558.509,-0.35 ppm,64.3,34699.5,11458.9,12480.7,15237.5,10689.5,30225.6,37341.5,19133.5,19178.5,24984.9,24030.6,19952.3,19458.4,14299.5,9213.6,11164.5
DAG(32:2),DACG,1,0,H68 C35 O5 N1 ,32,2,582.5092,0.05 ppm,64.3,3843.7,1952.6,2695.1,2169.3,2604.7,4887.4,5588.8,4227.6,4021.5,4584.5,4051.4,6251.2,3503.7,2259.3,2570.4,1130.5
DAG(32:1),DACG,1,0,H70 C35 O5 N1 ,32,1,584.5248,-0.08 ppm,64.3,11424.1,10883.7,9960,16793,9085.5,13344.7,24033,23826.6,19347.2,20883.4,13394.4,38678.3,15810.5,12906.4,10981.9,10919.8
DAG(32:0),DACG,1,0,H72 C35 O5 N1 ,32,0,586.5405,-0.05 ppm,64.3,305591.2,38695.3,28745.2,41416.6,26423.7,339412.6,382215.9,132837,107069.7,183158.6,213357.9,96360.3,128103.8,68855.6,52110,104667.3
DAG(34:2),DACG,1,0,H72 C37 O5 N1 ,34,2,610.5408,0.49 ppm,64.3,8931.6,7378.7,7465.5,13450.2,8461.5,9009.1,12696.7,14743.1,11626.1,15990.4,11491.5,13557.2,9552.7,13780.4,16256,8256.7
DAG(34:1),DACG,1,0,H74 C37 O5 N1 ,34,1,612.5563,0.31 ppm,64.3,23531.3,20102.1,16819.9,40071.5,20459.7,20163.7,46408,47132.5,24839.9,45903,22864.4,39766,28127,25728.5,27510.4,16275.3
DAG(34:0),DACG,1,0,H76 C37 O5 N1 ,34,0,614.5721,0.54 ppm,64.3,495755.3,41792.6,28644.7,66727.2,25758.2,756432.6,774322.4,242361.5,180545.7,270318.8,380505.9,131702,178200.8,111297.9,60854.9,198866.5
DAG(36:4),DACG,1,0,H72 C39 O5 N1 ,36,4,634.5406,0.22 ppm,64.3,1784.2,0,1075.4,1258.3,1042.7,1700.9,1709.3,2549.6,1966,1948.9,2519,1464,1048.4,3217.7,11598.6,2426
DAG(36:3),DACG,1,0,H74 C39 O5 N1 ,36,3,636.5559,-0.36 ppm,64.3,4217.6,1880,2614.1,3433.3,2954.4,3101.2,3674.2,6036.9,4668.6,5831.9,2931.6,5440.8,2368.6,4426.2,19771.3,4079
DAG(36:2),DACG,1,0,H76 C39 O5 N1 ,36,2,638.5719,0.19 ppm,64.3,11063.1,7149,5667.5,17312.2,8882.1,8260.4,9746.8,17971.4,10183.2,14570.6,10173.9,18695.7,8799.8,41310.5,18709.6,10122.9
DAG(36:1),DACG,1,0,H78 C39 O5 N1 ,36,1,640.5879,0.65 ppm,64.3,10190.8,5081,5496.9,12575.3,7493.8,10280.5,12335.9,13343.9,5676.5,13023.8,7278,11919.9,10315.8,9136.6,7519.3,6634.9
DAG(36:0),DACG,1,0,H80 C39 O5 N1 ,36,0,642.6035,0.56 ppm,64.3,265440.8,20024.3,14375.5,52357.3,17071.7,435750.9,496457.1,147854,95554.8,135185.2,214718.8,66411.8,113023.2,64366.7,39476,129753.2
,,,,,,,,,,,,,,,,,,,,,,,,,
,,,,,,,,,,,,,,,,,,,,,,,,,
###,DAGIS,,,,,,,,,,,,,,,,,,,,,,,,
DAG-IS(31:1),DACG,0,1,H68 C34 O5 N1 ,31,1,570.5098,1.09 ppm,64.3,526022.5,640651.7,691703.3,784398.2,516612.9,533265.4,754573.9,1143552.2,1445576.7,1434441.9,1566849.5,1295282.8,1392331.5,1333812.5,1299625.4,960829.8
,,,,,,,,,,,,,,,,,,,,,,,,,
,,,,,,,,,,,,,,,,,,,,,,,,,
###,DiHexCer,,,,,,,,,,,,,,,,,,,,,,,,
DiHexCer(d18:1/16:0),LACC,1,0,H88 C46 O13 N1 ,16,0,862.6231,-2.17 ppm,55.2,3329.4,10001.1,9665.8,4971.2,5355.2,10115.3,8886.8,9122.3,14685.6,22674.6,10328.4,15022.2,18736.2,22278.9,17238.1,31041
DiHexCer(d18:1/24:1),LACC,1,0,H102 C54 O13 N1 ,24,1,972.7349,0.29 ppm,55.2,3659.4,10742.6,7996.5,7485,3903.8,13269.6,8844.2,11312.9,24024.7,37217.1,12044.8,16905.1,14760.3,30949.6,16383.1,35282.6
DiHexCer(d18:1/24:0),LACC,1,0,H104 C54 O13 N1 ,24,0,974.751,0.77 ppm,55.2,3318.5,8402.5,8595,8942.6,4483.5,10094,8886.4,6995.2,23967.8,35455.5,10799.4,14508.9,20837.9,34995,13228,27055.5
,,,,,,,,,,,,,,,,,,,,,,,,,
,,,,,,,,,,,,,,,,,,,,,,,,,
###,DiHexCerIS,,,,,,,,,,,,,,,,,,,,,,,,
HexCer(d18:1/12:0) b,LACC,0,1,H70 C36 O8 N1 ,12,0,644.51,0.66 ppm,55.2,594663.6,703291.6,731974.9,784093.3,586460.4,546273.1,915868.3,1075647.9,1208610.7,1199692.3,1365235.7,1260860.2,1220099.9,1303375.1,1093301.2,915034.7
,,,,,,,,,,,,,,,,,,,,,,,,,
,,,,,,,,,,,,,,,,,,,,,,,,,
###,HexCer,,,,,,,,,,,,,,,,,,,,,,,,
HexCer(d18:1/16:0),HEXC,1,0,H78 C40 O8 N1 ,16,0,700.5724,0.24 ppm,55.2,11468.6,38811.1,20926.2,20982,13392.7,24599.7,42873.8,30403.6,40182,100231.6,15880.7,23314.4,26697.9,28157.2,30244.8,27605.3
HexCer(d18:1/18:0),HEXC,1,0,H82 C42 O8 N1 ,18,0,728.602,-2.05 ppm,55.2,1160.9,5576.4,1696.7,1269.4,1152.5,1165.7,1738.9,3224.9,2146.2,3228.2,1793.2,1470.8,0,7813.9,3645.8,3787.1
HexCer(d18:1/22:0),HEXC,1,0,H90 C46 O8 N1 ,22,0,784.6642,-2.46 ppm,55.2,7253.3,36131.5,20754,21554.5,9352.6,9269.7,28803.5,18243,25435.2,54658.6,12759.2,17071.1,17251.4,16790.1,15950,17453.9
HexCer(d18:1/24:1),HEXC,1,0,H92 C48 O8 N1 ,24,1,810.6791,-3.29 ppm,55.2,21511.9,54065.7,29801.8,40937,15144,28100.6,61493.5,53628.3,56029.1,123733.6,30648.5,32636.9,22699.7,36391.1,40253.4,48468.7
HexCer(d18:1/24:0),HEXC,1,0,H94 C48 O8 N1 ,24,0,812.6961,-1.59 ppm,55.2,17664.4,64327.9,37351.6,52082.9,25654.7,34987.2,86369.2,39657.3,69019.2,120865.8,35026,40058.3,63005.7,55652.7,39827.4,47410.4
,,,,,,,,,,,,,,,,,,,,,,,,,
,,,,,,,,,,,,,,,,,,,,,,,,,
###,HexCerIS,,,,,,,,,,,,,,,,,,,,,,,,
HexCer(d18:1/12:0),HEXC,0,1,H70 C36 O8 N1 ,12,0,644.51,0.66 ppm,55.2,594663.6,703291.6,731974.9,784093.3,586460.4,546273.1,915868.3,1075647.9,1208610.7,1199692.3,1365235.7,1260860.2,1220099.9,1303375.1,1093301.2,915034.7
,,,,,,,,,,,,,,,,,,,,,,,,,
,,,,,,,,,,,,,,,,,,,,,,,,,
###,LPC,,,,,,,,,,,,,,,,,,,,,,,,
LPC(16:2),LPCH,1,0,H47 C24 N1 O7 P1 ,16,2,492.3076,-1.79 ppm,35,6887.8,3635.1,2464.4,3689.9,2304.8,2126.2,5764.1,4884.3,5142.6,8441.7,3856,6606.7,5879.2,7238.5,5243.3,20578.8
LPC(16:1),LPCH,1,0,H49 C24 N1 O7 P1 ,16,1,494.3243,0.42 ppm,35,19545.5,47797.3,19908.6,15230.7,31498.5,25657.4,28307.9,47407.7,16859.6,27940,33415,27626.1,48305.4,23490.5,33259.3,38817
LPC(16:0),LPCH,1,0,H51 C24 N1 O7 P1 ,16,0,496.3402,0.82 ppm,35,242718.1,1442717.4,219689.6,270701.6,559598.2,560068.3,282424.2,316597,237591.4,665129.2,348976.2,340218.8,507978.5,250089.5,320354.1,1474576.4
LPC(18:3),LPCH,1,0,H49 C26 N1 O7 P1 ,18,3,518.3227,-2.80 ppm,35,3946,4439.9,1848.8,2484.2,2635,1416.8,6264.9,5138.2,4429.8,2647.3,3334.4,2120.1,3507.5,3203.6,3915.7,16935.5
LPC(18:1),LPCH,1,0,H53 C26 N1 O7 P1 ,18,1,522.3527,-5.27 ppm,35,102764.9,223636.6,90917.7,92028.1,184651,112549.5,161365.5,176376.5,87708.3,136861.4,304374.6,188045,295463.9,104579.9,134917.6,100651.6
LPC(18:0),LPCH,1,0,H55 C26 N1 O7 P1 ,18,0,524.3718,1.35 ppm,35,89375.1,234481.7,81396.2,125492.4,165272,99370,141177.8,108471.6,135911.4,176304.6,261187.3,137565.5,216162,90061.3,105271.1,486526.8
LPC(20:6),LPCH,1,0,H47 C28 N1 O7 P1 ,20,6,540.3063,-3.95 ppm,35,1166.4,2327.8,0,0,0,0,3680.3,3131.3,3264.2,3471.6,1741.5,1505.4,2689.4,4352,5738.4,39283.6
LPC(20:5),LPCH,1,0,H49 C28 N1 O7 P1 ,20,5,542.3232,-1.75 ppm,35,5418.9,6224.7,5115.6,4912.6,6677.2,4393,9056,10671.9,3294.2,7967.3,13839.9,7318.8,12133.4,9444.1,7923.7,23130.5
LPC(20:4),LPCH,1,0,H51 C28 N1 O7 P1 ,20,4,544.3385,-2.24 ppm,35,47023.1,91548.2,93943.7,82579.9,102967.8,54044.5,96462.1,149367.6,70498.5,60858,108264.5,61914.5,122043.3,71056.3,45705.9,57584.8
LPC(20:3),LPCH,1,0,H53 C28 N1 O7 P1 ,20,3,546.353,-4.34 ppm,35,11723.9,21732.5,12814.4,11390.4,23072.5,13367.6,23283.1,20147.9,17998.6,18689.3,41118.5,21899.3,44154.4,19422.1,16326.5,28136.4
LPC(20:1),LPCH,1,0,H57 C28 N1 O7 P1 ,20,1,550.3865,-0.35 ppm,35,22191.7,26170.1,25020.9,26346.8,13722.4,9235.3,33722.2,50009.8,14114.8,25163.1,25523.8,15097.7,18570.2,15521.4,14267.3,41082.2
LPC(20:0),LPCH,1,0,H59 C28 N1 O7 P1 ,20,0,552.4022,-0.37 ppm,35,5084,6133.6,3053.3,3781,4378.8,1954,7581.4,7697,3979,8193,7880.5,3465,5175.4,5068.7,10895.7,41644.5
LPC(22:6),LPCH,1,0,H51 C30 N1 O7 P1 ,22,6,568.3406,1.55 ppm,35,13272,15226.7,12755.2,9883.7,31914,14608.5,24332.7,21812,4438.1,22541.6,61105.8,25315.7,63199.5,18031.2,28670.5,45444.9
LPC(22:5),LPCH,1,0,H53 C30 N1 O7 P1 ,22,5,570.3554,0.03 ppm,35,17464,22885.5,21207.9,17246.7,37035.8,18244.2,28679.5,26751,9978.2,28649.8,65066.7,24705.3,67432.7,23336.6,26271.9,34490.8
LPC(22:4),LPCH,1,0,H55 C30 N1 O7 P1 ,22,4,572.3692,-3.31 ppm,35,84164.3,94348.5,134009.3,155688.9,132233.2,52001.3,108509.9,171358.6,124120.4,106894.9,75001,58208,69520.2,91652.8,56925.6,106457.3
LPC(22:3),LPCH,1,0,H57 C30 N1 O7 P1 ,22,3,574.3837,-5.31 ppm,35,12636.4,12543,11513.2,12346.8,9474.8,6331.6,14625.4,15580.8,13879.9,11386.5,9769.8,7250.7,10082.1,13978.3,9813.5,30362.5
LPC(22:1),LPCH,1,0,H61 C30 N1 O7 P1 ,22,1,578.4175,-0.90 ppm,35,7066.8,14023.1,7992.7,8379.3,7061.2,5714.8,15136.3,17430.6,7732.4,8577.8,6300.3,4583.4,7031.2,10624.7,8265.8,24325.7
LPC(22:0),LPCH,1,0,H63 C30 N1 O7 P1 ,22,0,580.433,-1.20 ppm,35,11386.5,20945.5,6990.3,14004.1,11129.4,6617.6,25108,27686.7,9781.9,13335.9,10758.7,7967.7,11283.6,13232.1,11820.5,48786.7
,,,,,,,,,,,,,,,,,,,,,,,,,
,,,,,,,,,,,,,,,,,,,,,,,,,
###,LPCIS,,,,,,,,,,,,,,,,,,,,,,,,
LPC(17:1),LPCH,0,1,H51 C25 P1 O7 N1 ,17,1,508.3409,2.23 ppm,35,641125,779957.4,798291.1,967816.9,664500.4,648805.8,898014.6,1048180.1,1135345.1,1148737.1,1315640.3,1181621.3,1150478.3,1266295.7,1170403,1125285.8
,,,,,,,,,,,,,,,,,,,,,,,,,
,,,,,,,,,,,,,,,,,,,,,,,,,
###,LPCO,,,,,,,,,,,,,,,,,,,,,,,,
LPC-O(14:0),LPCO,1,0,H47 C22 N1 O6 P1 ,14,0,452.3131,-1.08 ppm,35,3390.9,2472.5,897.6,1041,0,0,8958.7,2881.8,3083.9,4114.4,1463.3,1571.6,2953.5,4538.6,4786.8,16940.8
LPC-O(16:1),LPCO,1,0,H49 C24 N1 O6 P1 ,16,1,478.3293,0.11 ppm,35,5707.5,4711.6,1136.9,1400.2,710.6,0,4177.7,2479.2,4537.9,7195.9,2992.1,3798.6,3446.2,9432.8,3634.7,19493.1
LPC-O(16:0),LPCO,1,0,H51 C24 N1 O6 P1 ,16,0,480.3449,0.10 ppm,35,37232.7,23121.5,13792.4,9012.4,6223.5,4999.1,15536.5,16502.2,20572,29009.9,7890.2,5647.3,11413.8,21398.4,10653.6,40050.5
LPC-O(18:1),LPCO,1,0,H53 C26 N1 O6 P1 ,18,1,506.3613,1.56 ppm,35,5110.2,3428.9,1815.1,2063.5,1283.5,871.4,4397.8,4816.3,5975.6,6394.1,3260.7,3264.9,3059.1,6890.5,5235.3,22283.5
LPC-O(18:0),LPCO,1,0,H55 C26 N1 O6 P1 ,18,0,508.3741,-4.07 ppm,35,641125,779957.4,798291.1,967816.9,664500.4,648805.8,898014.6,1048180.1,1135345.1,1148737.1,1315640.3,1181621.3,1150478.3,1266295.7,1170403,1125285.8
,,,,,,,,,,,,,,,,,,,,,,,,,
,,,,,,,,,,,,,,,,,,,,,,,,,
###,LPCOIS,,,,,,,,,,,,,,,,,,,,,,,,
LPC(17:1) b,LPCO,0,1,H51 C25 P1 O7 N1 ,17,1,508.3409,2.23 ppm,35,641125,779957.4,798291.1,967816.9,664500.4,648805.8,898014.6,1048180.1,1135345.1,1148737.1,1315640.3,1181621.3,1150478.3,1266295.7,1170403,1125285.8
,,,,,,,,,,,,,,,,,,,,,,,,,
,,,,,,,,,,,,,,,,,,,,,,,,,
###,MAG,,,,,,,,,,,,,,,,,,,,,,,,
MAG(12:0),MACG,1,0,H34 C15 O4 N1 ,12,0,292.2481,-0.48 ppm,104,7321.3,2135.5,1964.2,2369.6,1484.8,2226.9,5104.1,2578.3,2591.9,3389.5,2886.3,2620.5,2694.6,2236.3,2484.8,1733.6
MAG(14:2),MACG,1,0,H34 C17 O4 N1 ,14,2,316.2481,-0.35 ppm,104,2186.6,1951.7,1556.9,2094.7,1258.5,1578.2,3021.2,2760.7,2549.5,3109.5,3901.2,2775.8,2565.9,2973.8,2284,2533.1
MAG(14:1),MACG,1,0,H36 C17 O4 N1 ,14,1,318.2637,-0.62 ppm,104,1103.4,1295,776,979.3,0,0,921.7,1070.5,989.9,1194.9,1665.9,1087.8,923.4,1283.9,792.9,992.9
MAG(14:0),MACG,1,0,H38 C17 O4 N1 ,14,0,320.2794,-0.57 ppm,104,58809.4,9647.6,8918.4,6609.3,3430,9332.6,21305.7,12315.8,8510.3,14310.5,11842.1,11719,8071.1,7526.6,5313.6,6499
MAG(16:2),MACG,1,0,H38 C19 O4 N1 ,16,2,344.2793,-0.82 ppm,104,1830.8,944.4,853.7,943.6,0,941,1841.9,1720.4,1604.3,3982.6,5682.9,1228.1,0,1328.1,1334.9,1286.3
MAG(16:1),MACG,1,0,H40 C19 O4 N1 ,16,1,346.2949,-0.82 ppm,104,11524.8,3376.9,3425.9,2057.5,1796.7,2233,2890.6,3370,3323.4,3272,3808,6435.6,3835.1,2679.7,2331.8,1660.9
MAG(16:0),MACG,1,0,H42 C19 O4 N1 ,16,0,348.3105,-0.94 ppm,104,2582132.5,400425.6,471172.2,67181.2,41194.3,576562.9,939762.1,364846.6,231333.5,389699.7,428767.2,297037.8,222838.7,153544.7,103449.1,189346.4
MAG(18:2),MACG,1,0,H42 C21 O4 N1 ,18,2,372.3105,-0.89 ppm,104,1316.9,803.7,1155.2,1048.9,2228.8,1214.7,2666.9,2097.1,3473.1,2108.4,1984.4,2273.1,2608.4,1903.3,3710.9,1627.7
MAG(18:1),MACG,1,0,H44 C21 O4 N1 ,18,1,374.3262,-0.89 ppm,104,15851.9,7627.4,7323.3,8712.8,8270.7,6881,11895.7,17649.2,9589.1,10186.7,7192.4,29376.1,13617.6,16626.9,11291.9,6907
MAG(18:0),MACG,1,0,H46 C21 O4 N1 ,18,0,376.3418,-0.96 ppm,104,1293263.9,292036.2,377460.3,64276.2,35676.1,790141.9,1167658.9,404981.4,293925.1,391451.9,503878.3,352575.9,278358.4,166838.1,92137.4,216731.7
,,,,,,,,,,,,,,,,,,,,,,,,,
,,,,,,,,,,,,,,,,,,,,,,,,,
###,MAGIS,,,,,,,,,,,,,,,,,,,,,,,,
MAG(17:1),MACG,0,1,H42 C20 O4 N1 ,17,1,360.3104,-1.10 ppm,104,91395.6,108589.4,102518.1,111698.6,85784.8,89018.3,173165.7,196859.5,521201.9,457387.5,521081.8,429901.6,463270.7,495939.5,430409.2,374256.1
,,,,,,,,,,,,,,,,,,,,,,,,,
,,,,,,,,,,,,,,,,,,,,,,,,,
###,PC-PR2,,,,,,,,,,,,,,,,,,,,,,,,
PC(30:1),PCHO,1,0,H75 C38 N1 O8 P1 ,30,1,704.5225,0.07 ppm,396.2,23748.9,58195.9,62333,107142.1,84112.7,37966.7,79398.2,59930.1,47099.3,45499.8,21610.3,25574,28676.1,63035.8,31658,32989.9
PC(30:0),PCHO,1,0,H77 C38 N1 O8 P1 ,30,0,706.5381,-0.06 ppm,396.2,690896.2,2995482.8,1180492.3,1718916.8,2453130.5,1347287.7,889366.8,858883.5,768737.6,1937905.8,504276.5,604352.7,376359.1,810864.5,725599.5,693045.2
PC(32:3),PCHO,1,0,H75 C40 N1 O8 P1 ,32,3,728.5189,-4.91 ppm,396.2,47575.9,225418.4,60246.8,90756.2,121694.8,96637.9,161408.8,105819,95661.2,92731,37136.4,34683.6,17477.8,68181.7,81736.4,169998.1
PC(32:2),PCHO,1,0,H77 C40 N1 O8 P1 ,32,2,730.537,-1.52 ppm,396.2,53981.6,103473.2,106323.1,142599.3,126670.6,66127.5,100558.4,127769.8,111377.3,89343.1,68576.1,58172.9,52762.7,135916.6,116786.7,83917.1
PC(32:1),PCHO,1,0,H79 C40 N1 O8 P1 ,32,1,732.5529,-1.23 ppm,396.2,878845.1,3054471.3,1815699.2,2374054.7,2382761.7,1886606.2,930016.2,1589414.2,954982.9,1235899.4,733059.7,1254173.1,510529.4,1772269.4,1166360,837946
PC(32:0),PCHO,1,0,H81 C40 N1 O8 P1 ,32,0,734.5682,-1.65 ppm,396.2,5188256.9,20200598.2,7537844.9,6243347.6,18176313.8,7061428.1,3873032.6,3965045.2,3267678.9,7160417.1,3532169.1,3223184.5,1920585,3818184,3671580,4495011.1
PC(34:4),PCHO,1,0,H77 C42 N1 O8 P1 ,34,4,754.5351,-3.97 ppm,396.2,80465.6,223735.1,107868.9,161748.5,136576.7,140976.1,183169.5,312327.3,136192,88358.1,59630.8,95424.8,44123.5,157590.8,111600.1,204110.5
PC(34:3),PCHO,1,0,H79 C42 N1 O8 P1 ,34,3,756.5505,-4.32 ppm,396.2,442088.8,1621372.8,482271.4,560307.4,779317.4,718506.8,835100.8,777967.9,505764.2,600540.1,300855.6,255180.3,214425.2,455903.6,357658.8,939379.9
PC(34:2),PCHO,1,0,H81 C42 N1 O8 P1 ,34,2,758.5682,-1.58 ppm,396.2,1836914.1,3792175.3,2389498.6,3825474.1,3206579.5,1748870,1264920.9,1240462.5,1510854.7,2550213.7,1353868.6,1167600.5,612907.1,1685723.2,1204831.5,1465554.6
PC(34:1),PCHO,1,0,H83 C42 N1 O8 P1 ,34,1,760.5835,-2.05 ppm,396.2,4538669.7,8377264.1,7994422.3,10795843.4,6372420.8,5709126.9,3966469.9,5620289.3,3836807.3,6032471.3,4137171.7,3270706.1,1604220.8,5245712.5,4081377.3,2975422.3
PC(36:5),PCHO,1,0,H79 C44 N1 O8 P1 ,36,5,780.5511,-3.46 ppm,396.2,218869.9,416517.3,287950.4,422748.2,443620.4,290262.8,251816,357499.9,341059.4,327444.8,193080.6,151285.1,96920.8,405701.1,168364.7,396696.8
PC(36:4),PCHO,1,0,H81 C44 N1 O8 P1 ,36,4,782.5672,-2.83 ppm,396.2,1399423.5,3131507.9,2488642.5,4372170.6,5503179.9,2935413.4,1177718.3,1787921.8,2054615,1823286,1291281.9,1280611.2,684967.1,2532112.6,1412675.2,1738095.6
PC(36:3),PCHO,1,0,H83 C44 N1 O8 P1 ,36,3,784.5831,-2.56 ppm,396.2,791195,1531928.2,1100035,1772026.4,2080323.5,1112153.1,624518.9,723607.6,964456.5,1045916,761350.7,600373.8,390082.9,1268254.2,831060.8,771191.2
PC(36:2),PCHO,1,0,H85 C44 N1 O8 P1 ,36,2,786.5991,-2.10 ppm,396.2,1216324.1,2163868,1975878.4,2220701.4,1639472.2,1351784.5,1075028.5,1360594.5,1111428.6,1442150,1115602.5,716009.3,585250.5,1733160.3,1325999.1,806209.9
PC(36:1),PCHO,1,0,H87 C44 N1 O8 P1 ,36,1,788.6144,-2.52 ppm,396.2,779071.4,1593886.9,1168584.4,1471065.7,1174253.6,878054.7,659694.3,494660,615921.9,956971.4,633107.9,575888.7,403731,842964.7,724909,423173.7
PC(38:7),PCHO,1,0,H79 C46 N1 O8 P1 ,38,7,804.5519,-2.37 ppm,396.2,53765.1,151774.7,98960.4,173572.1,184205.9,101057.6,80068.7,115633.1,244887.3,56028.8,0,42426.6,0,131062.5,64481.7,181798.5
PC(38:6),PCHO,1,0,H81 C46 N1 O8 P1 ,38,6,806.5696,0.23 ppm,396.2,143395.6,322790.2,218734.6,292058.8,395925.4,221485.4,147530.5,88875.5,196707.6,214496.5,227763.9,91956.7,70889.2,249785.1,124356.8,199509
PC(38:5),PCHO,1,0,H83 C46 N1 O8 P1 ,38,5,808.5873,2.77 ppm,396.2,540819.9,660085.6,492368.3,927441.7,1102396.6,679720.9,437672.8,498860.6,587805,540116,469595.6,250725.7,207825.8,668908.2,467857.6,392527
PC(38:4),PCHO,1,0,H85 C46 N1 O8 P1 ,38,4,810.6002,-0.67 ppm,396.2,465628.8,1058612.9,749101.5,1317524.8,1967854.5,642374.5,372565.9,405138.9,712436.1,611518.2,588028.8,331034.4,263615.5,839380.2,558389.2,450253.2
PC(38:3),PCHO,1,0,H87 C46 N1 O8 P1 ,38,3,812.6157,-0.87 ppm,396.2,146972.4,306336.5,260393.3,263292.3,440302,212695.1,100259.9,122915.2,187357.4,217627.4,316323,119017.4,118420.5,275341.9,214835.4,131650.7
PC(38:2),PCHO,1,0,H89 C46 N1 O8 P1 ,38,2,814.6318,-0.33 ppm,396.2,59112.8,121070.6,96154.2,77629.2,113895.5,83323.1,54093.5,65900.6,0,127250.3,72939.7,41892.9,31477.8,71098.5,106632.1,55087.4
PC(38:1),PCHO,1,0,H91 C46 N1 O8 P1 ,38,1,816.6475,-0.22 ppm,396.2,46065.6,96908.4,71781.1,61393,73114.3,94448.4,44013.2,28111.5,61596.6,68531.9,32794.8,57586.6,39140.7,26862.8,25114,12419.2
PC(40:6),PCHO,1,0,H85 C48 N1 O8 P1 ,40,6,834.5998,-1.14 ppm,396.2,117356.6,198514.5,127163,99971.9,282199.1,165023.5,63652.5,32930.8,288965.5,87496.1,246786.5,82174,107406.4,83359.3,56213.2,43215.6
PC(40:5),PCHO,1,0,H87 C48 N1 O8 P1 ,40,5,836.6155,-1.04 ppm,396.2,118436.2,214444.9,131296,105460.4,262537.4,154619.9,74609.6,76359.6,86264.3,102720,260422.3,62723.7,83326.5,90159.7,122694.4,58194.6
PC(40:4),PCHO,1,0,H89 C48 N1 O8 P1 ,40,4,838.6313,-0.90 ppm,396.2,34467.1,75535.1,64411.8,66159.3,108539.9,53747.7,50228.5,45103.7,61302,51137.1,76733.8,31703.3,40374,61318.8,75658.4,32181.7
PC(40:3),PCHO,1,0,H91 C48 N1 O8 P1 ,40,3,840.6468,-1.02 ppm,396.2,13590.1,18197.4,16953.8,17044.1,21824,16707.2,25332.6,22635.8,19704.3,14725.5,16586.7,12982.6,12685.8,23909.1,30902.3,9494.2
PC(40:2),PCHO,1,0,H93 C48 N1 O8 P1 ,40,2,842.6619,-1.71 ppm,396.2,7989.4,8037,5689,9709.1,7714.9,10500.7,16752.5,14332.1,3120.8,10654.8,6628.6,7394.7,6994.3,6762.4,9383.7,2614.1
PC(40:1),PCHO,1,0,H95 C48 N1 O8 P1 ,40,1,844.6778,-1.44 ppm,396.2,7312.2,10244.5,5372.8,7973.3,11974.9,8773.5,25318.6,25493.5,10374.6,13644.2,11802.9,11389.4,15166,11390.3,11593.3,6424.8
PC(40:0),PCHO,1,0,H97 C48 N1 O8 P1 ,40,0,846.6936,-1.24 ppm,396.2,10442.9,5356.3,2089.3,2061,3389.9,1411.9,14210.3,12596,2036,3758,4378.9,3983,10485.3,3414.7,5463.5,2478.3
PC(42:4),PCHO,1,0,H93 C50 N1 O8 P1 ,42,4,866.6623,-1.22 ppm,396.2,2358.2,4228.1,3885.7,0,7533.7,4916.2,10607.4,4389.6,0,4674.2,0,0,3704.2,4857,9031.7,0
PC(42:3),PCHO,1,0,H95 C50 N1 O8 P1 ,42,3,868.6784,-0.62 ppm,396.2,4981.3,4406.4,0,3534,4563.5,6208.5,9204.6,8119.5,5989.5,2487.5,2180.7,4121.7,5923.8,7321.6,12501.8,5879.6
PC(42:2),PCHO,1,0,H97 C50 N1 O8 P1 ,42,2,870.6926,-2.28 ppm,396.2,6506.6,5120.7,3593.1,5007.4,5568.6,6405.7,27166.7,24638.1,6370.8,6820.3,10484.9,8751.4,16406.5,11381.7,10554.3,5294.2
PC(42:1),PCHO,1,0,H99 C50 N1 O8 P1 ,42,1,872.7089,-1.58 ppm,396.2,10446.4,10202.8,10195,14827.3,13833,13736.9,25749.4,36959,8884.9,9615.5,15281.9,9425.9,13976.8,9764.1,11270.4,4242.4
PC(42:0),PCHO,1,0,H101 C50 N1 O8 P1 ,42,0,874.7253,-0.69 ppm,396.2,12683.4,7074.4,4906.7,4904.8,7006.5,2490.8,20739.1,10121.8,1891.7,2005.7,0,2156.5,6357.5,4065.7,0,2161.1
,,,,,,,,,,,,,,,,,,,,,,,,,
,,,,,,,,,,,,,,,,,,,,,,,,,
###,PCIS-PR2,,,,,,,,,,,,,,,,,,,,,,,,
PC(31:1),PCHO,0,1,H77 C39 O8 P1 N1 ,31,1,,,396.2,12585260.2,14423523.2,18421237.5,17889448.4,15095197.3,12711736.3,13044554.5,14292859.5,9863335,10707260.7,7768271.2,10017635.1,8329867.8,10790115,8251220.2,6331385.5
,,,,,,,,,,,,,,,,,,,,,,,,,
,,,,,,,,,,,,,,,,,,,,,,,,,
###,PCO-PR2,,,,,,,,,,,,,,,,,,,,,,,,
PC-O(32:1),PC-O,1,0,H79 C40 N1 O7 P1 ,32,1,716.5588,-0.07 ppm,396.2,85045.6,112161.7,116348.5,179280.9,111194.5,81988.5,75408.6,117139.8,127925.5,95086.1,72701.8,75420.3,68718.4,100200.1,59753.1,74894.3
PC-O(34:2),PC-O,1,0,H81 C42 N1 O7 P1 ,34,2,742.5728,-2.30 ppm,396.2,135129,187258.1,239426.9,222533.6,163944.6,107293.7,249601.8,232032.8,283248.8,217370.8,124609.2,77994,156216.9,194655.4,150223.2,191399.6
PC-O(34:1),PC-O,1,0,H83 C42 N1 O7 P1 ,34,1,744.5887,-2.02 ppm,396.2,432087.6,591692.2,750283.8,846031.3,366435.8,403323.8,555780.5,609271.5,440833.6,589337.7,308741.5,305725.7,346234,308325.8,394999.7,397878.8
PC-O(34:0),PC-O,1,0,H85 C42 N1 O7 P1 ,34,0,746.6044,-1.93 ppm,396.2,261372.3,667819,549799.2,818337.8,358447.3,417039.3,614607.7,688564.8,500886.4,510102.9,377450.3,208273.4,468767.7,426989.8,543434.8,371975.2
PC-O(36:3),PC-O,1,0,H83 C44 N1 O7 P1 ,36,3,768.588,-2.77 ppm,396.2,995433.1,2996535.5,2868320.8,4671808.9,3049363.7,2421021.3,1323243.8,2443304.4,3211716.9,1733744.8,1234699.7,1001945.2,1965531.1,1534204.4,1694413,1096181.8
PC-O(36:2),PC-O,1,0,H85 C44 N1 O7 P1 ,36,2,770.6039,-2.44 ppm,396.2,233845.9,515733.9,456111.9,866112.5,516127.4,394120.4,289281.2,443870.4,581662,398053.5,236495.7,182854.2,468432.4,330183.5,461260,265337.8
PC-O(36:1),PC-O,1,0,H87 C44 N1 O7 P1 ,36,1,772.62,-1.96 ppm,396.2,151114.2,259677.2,251185.2,357038.1,132188.1,167268.5,188070.3,213797.2,186865.6,205363,140665.4,160403.1,123932,185002.1,136821.1,112471.3
PC-O(36:0),PC-O,1,0,H89 C44 N1 O7 P1 ,36,0,774.6355,-2.06 ppm,396.2,30601,59950.3,85746.8,92143.1,24122.2,27261.7,39876.4,55114.4,66660.6,57755.5,33959.2,32454.8,39356.9,47307.7,44608.4,24733.6
PC-O(38:4),PC-O,1,0,H85 C46 N1 O7 P1 ,38,4,794.6036,-2.76 ppm,396.2,1269528.8,2449054.5,2701468.2,4453422.7,2679447.2,2017824.2,927745,1736834.9,2648942.7,1698936.4,1134451.2,1117248.7,1208850,2154499.1,1775520.7,1327298.5
PC-O(38:3),PC-O,1,0,H87 C46 N1 O7 P1 ,38,3,796.619,-3.06 ppm,396.2,436548.9,1075589.7,1712419.5,2221444,1388054.9,660794.5,501469.4,810409.8,1478276.5,843546.1,536356.1,515592.9,842909.6,1097169.3,975277.5,431359
PC-O(40:5),PC-O,1,0,H87 C48 N1 O7 P1 ,40,5,820.6202,-1.50 ppm,396.2,72323.2,134684.3,214114.2,222799.1,142347.8,111974.9,93833.1,180358,185149.9,154486.4,115972.7,66107.6,106517.3,132320.6,176882.3,83916.8
PC-O(40:4),PC-O,1,0,H89 C48 N1 O7 P1 ,40,4,822.6357,-1.73 ppm,396.2,78217.8,190529.7,346844.7,300196.9,201835.9,136951,153856.2,237245.7,324424.4,192674,173131.1,68899.4,205166.9,186945,264641.9,90644.5
PC-O(40:3),PC-O,1,0,H91 C48 N1 O7 P1 ,40,3,824.6519,-1.00 ppm,396.2,38662.8,81526.8,209737.1,180179.3,100605.2,58976.6,73822.5,111223.9,243975.6,87819.6,86724,47770.7,114681.4,128839.5,192745.8,41037.8
PC-O(42:6),PC-O,1,0,H89 C50 N1 O7 P1 ,42,6,846.6354,-2.00 ppm,396.2,9356.3,20137.8,21312.2,12691,13124.1,8182.5,35219.9,39943.2,61416.5,10508.4,18469.6,1486,14461.8,16467.4,14215.6,13968
PC-O(42:4),PC-O,1,0,H93 C50 N1 O7 P1 ,42,4,850.6683,-0.12 ppm,396.2,20624.3,55552.3,82139.4,64595.5,48958.7,47735.9,42974.1,75336.4,96414.9,45274.4,57873.1,26936.4,42482.7,72806.4,105431.8,52782.6
PC-O(42:3),PC-O,1,0,H95 C50 N1 O7 P1 ,42,3,852.6833,-0.87 ppm,396.2,19152.1,40243,81520.9,59512.1,41305.4,33330.6,51081.3,40191.2,189897.1,43038.8,46105.5,21461.4,56374.6,63351.3,115717.1,42487.8
PC-O(42:2),PC-O,1,0,H97 C50 N1 O7 P1 ,42,2,854.6992,-0.62 ppm,396.2,12309.1,14076.6,18379.9,15450.3,11077.4,10084.1,15659.8,4705.2,27052,8418.8,0,0,13773.9,8983.9,22240.9,6544.3
,,,,,,,,,,,,,,,,,,,,,,,,,
,,,,,,,,,,,,,,,,,,,,,,,,,
###,PCOIS-PR2,,,,,,,,,,,,,,,,,,,,,,,,
PC(31:1) b,PC-O,0,1,H77 C39 O8 P1 N1 ,31,1,,,396.2,12585260.2,14423523.2,18421237.5,17889448.4,15095197.3,12711736.3,13044554.5,14292859.5,9863335,10707260.7,7768271.2,10017635.1,8329867.8,10790115,8251220.2,6331385.5
,,,,,,,,,,,,,,,,,,,,,,,,,
,,,,,,,,,,,,,,,,,,,,,,,,,
###,PE,,,,,,,,,,,,,,,,,,,,,,,,
PE(34:3),PETA,1,0,H73 C39 N1 O8 P1 ,34,3,714.5046,-3.12 ppm,210.4,0,3829.8,1302.3,1454.8,1414.8,0,4647.7,4395.4,2874.8,2424.9,2027,1311.8,2187.7,2387.3,3162.3,1908.7
PE(34:2),PETA,1,0,H75 C39 N1 O8 P1 ,34,2,716.5225,0.02 ppm,210.4,25732.9,51435.2,33816.3,33960.4,25860.5,31612.1,59068,53523,33632.7,36317.1,31720.8,26602.5,33471.2,52562.4,48583.5,32397.6
PE(34:1),PETA,1,0,H77 C39 N1 O8 P1 ,34,1,718.538,-0.20 ppm,210.4,57524.6,155926.8,215536.4,124574.2,73171.9,114717.5,287056.2,195194.5,121230.6,188047.9,82951.5,88282.6,156182.7,176978.1,206546.5,92581.4
PE(34:0),PETA,1,0,H79 C39 N1 O8 P1 ,34,0,720.5515,-3.17 ppm,210.4,5943,10783.3,12473.2,10071,7634.3,7854.7,36579.7,14874.1,13936,13990.3,9563.5,9538.7,29748.6,14312.4,28148.7,6771.1
PE(36:5),PETA,1,0,H73 C41 N1 O8 P1 ,36,5,738.5042,-3.50 ppm,210.4,1915.4,7629.6,5297.5,7366.2,4832.5,5318.5,11291.6,13273,5863.1,5940.5,3387.2,2081.9,4491.4,7152.4,6443.4,4199
PE(36:4),PETA,1,0,H75 C41 N1 O8 P1 ,36,4,740.5191,-4.51 ppm,210.4,23866.4,67885.1,57806.6,79309.2,63109,58356,48571.6,67953.3,80259.1,77810.5,53217.8,39230.6,65912.2,97904.1,76487.9,50601.9
PE(36:3),PETA,1,0,H77 C41 N1 O8 P1 ,36,3,742.5354,-3.61 ppm,210.4,20322,52783.3,22842.7,29834,30456,27244.2,46606.6,36272.2,34221.2,48990.3,30339.8,22236.7,32250.2,43687.5,55023.9,32252.2
PE(36:2),PETA,1,0,H79 C41 N1 O8 P1 ,36,2,744.5525,-1.66 ppm,210.4,99768.4,195723.5,118441.3,156174,89020.7,93588.3,242159.8,199203,133906.9,243759.1,130398.7,114144.6,117945.2,149067.9,283478.1,126655.6
PE(36:1),PETA,1,0,H81 C41 N1 O8 P1 ,36,1,746.5682,-1.62 ppm,210.4,268404.8,480419.5,477803.1,451580.1,264176.2,276900.7,508033.3,530392.8,619953,607211.7,444867.1,422801.8,284712.8,676105.1,747021.6,383623.9
PE(38:7),PETA,1,0,H73 C43 N1 O8 P1 ,38,7,762.5022,-6.02 ppm,210.4,1578.1,5420.5,4463.9,4643.9,3985.3,5443.3,5632,13332,7482.5,2628.9,1894.2,1608.5,2110.3,3778.4,3288.6,6795.1
PE(38:6),PETA,1,0,H75 C43 N1 O8 P1 ,38,6,764.5182,-5.65 ppm,210.4,8255.7,19842.8,17129.4,22730.3,19247.3,21723,15848.9,25849.4,15418.4,26354.1,25450.8,12740.5,10977.9,21463.9,21296.6,20865.5
PE(38:5),PETA,1,0,H77 C43 N1 O8 P1 ,38,5,766.5372,-1.18 ppm,210.4,39294.2,82581.1,59129.5,92587,90289.3,70240.6,65686,78850.8,73967.3,72322.5,63589.5,47920.1,43226.2,99150.9,75822.4,51708.5
PE(38:4),PETA,1,0,H79 C43 N1 O8 P1 ,38,4,768.5525,-1.69 ppm,210.4,193594.4,485642.9,542265.3,606636.1,562147.4,415879.8,272095.1,503727.2,664652.5,540783.5,474265.9,290831.3,268531.7,487159.1,338052.9,297002.1
PE(38:3),PETA,1,0,H81 C43 N1 O8 P1 ,38,3,770.5674,-2.67 ppm,210.4,25310,61465.1,58028.4,77334.9,60873.5,47079.9,37246.7,66787.2,78720.2,77803.7,63965.9,54044.1,59712.9,86054.4,81292.8,54017.8
PE(38:2),PETA,1,0,H83 C43 N1 O8 P1 ,38,2,772.5836,-1.85 ppm,210.4,9204.3,11819.8,7237.7,7075.5,6066.3,8718.3,10897.5,13194.2,10236.5,17474,9668.2,12095.5,7499,13673.1,17867.7,9306
PE(38:1),PETA,1,0,H85 C43 N1 O8 P1 ,38,1,774.5992,-2.04 ppm,210.4,5744.4,9737.1,6507.6,8148.9,5544.3,6406.1,6218.9,10320.5,0,14093.6,8159.4,10013.5,7183.3,11043.6,10171.8,7506.2
PE(40:7),PETA,1,0,H77 C45 N1 O8 P1 ,40,7,790.5342,-5.02 ppm,210.4,17576.7,39940.8,33627.4,46929.5,28850.2,24903.2,41280.3,73621,67528.9,27541.6,22420,11612.7,20456.2,47691.8,43157.9,61738.3
PE(40:6),PETA,1,0,H79 C45 N1 O8 P1 ,40,6,792.5519,-2.41 ppm,210.4,10064,21451,21860.8,24603.2,20158.4,21577.6,19827.5,30565.1,17712.9,31365.2,20752.8,16572.5,12714.6,28905.6,33292.8,25088.3
PE(40:5),PETA,1,0,H81 C45 N1 O8 P1 ,40,5,794.5678,-2.06 ppm,210.4,15385.1,31265.1,30193.5,27049.8,24112.9,29606.6,22374.5,44247.8,29098.2,28373.6,19561.6,19920.1,19776.3,34683.8,42426.8,20705.9
PE(40:4),PETA,1,0,H83 C45 N1 O8 P1 ,40,4,796.5826,-3.08 ppm,210.4,10260.9,22186.3,32021.7,22967.9,22555.3,19666.1,24791,46677.7,37721.6,32724.1,29735.8,17370.2,26482.9,29225.4,65787.6,20952.8
PE(40:3),PETA,1,0,H85 C45 N1 O8 P1 ,40,3,798.5983,-3.04 ppm,210.4,1492.2,2602.4,3593,2559.9,3268.9,3232.1,4673.7,6737.1,7086.5,5904.6,4874.2,2626.5,5198,6601.5,9124.1,2928.2
PE(40:2),PETA,1,0,H87 C45 N1 O8 P1 ,40,2,800.6167,0.43 ppm,210.4,3209.8,2837.6,0,2958.4,2217.6,2405.1,3256.2,4650.8,4338.4,5850.4,3493.3,2414,2921.2,2911.2,4982.6,2495.1
PE(40:1),PETA,1,0,H89 C45 N1 O8 P1 ,40,1,802.6273,-5.91 ppm,210.4,4094.5,4920.1,4078.3,5762.5,3830.6,4256,5117,6861,6017.6,8574.5,4760.8,4595.3,10038.5,6880.3,5595,3892.7
,,,,,,,,,,,,,,,,,,,,,,,,,
,,,,,,,,,,,,,,,,,,,,,,,,,
###,PEIS,,,,,,,,,,,,,,,,,,,,,,,,
PE(31:1),PETA,0,1,H71 C36 P1 O8 N1 ,31,1,676.4911,-0.08 ppm,210.4,2913353.7,3216799.1,3135672.2,3797116.5,3271578,3256309.6,3877345,4450069.3,3622721.8,3151096.2,4165842.2,3867889.5,3978094.4,3793131.1,2934740.2,2779934.8
,,,,,,,,,,,,,,,,,,,,,,,,,
,,,,,,,,,,,,,,,,,,,,,,,,,
###,PEO,,,,,,,,,,,,,,,,,,,,,,,,
PE-O(36:4),PE-O,1,0,H75 C41 N1 O7 P1 ,36,4,724.5265,-1.46 ppm,250,51891.2,96784.8,105419.9,99807.7,73029.2,101103,61769.6,134117.3,129553,147084.4,96632.8,83404.1,59585,129978.4,128469.6,87372.2
PE-O(36:2),PE-O,1,0,H79 C41 N1 O7 P1 ,36,2,728.5578,-1.51 ppm,250,4332.5,9395.5,7043.7,9937.4,3103,6409.5,3451.1,7267.4,8634.9,16247.9,7057.8,8270.6,3125.5,8601,6767.3,9708.5
PE-O(36:1),PE-O,1,0,H81 C41 N1 O7 P1 ,36,1,730.5735,-1.38 ppm,250,7418.7,13514.2,17634.2,19506.9,4132.3,10227.5,6885.2,15966.6,18374.7,28745,13425.1,14890.3,4067.5,17326,10925.2,14063.1
PE-O(36:0),PE-O,1,0,H83 C41 N1 O7 P1 ,36,0,732.5889,-1.75 ppm,250,2686.6,8364.6,13315.6,8707.8,3567,5092.2,3083.9,7953.3,9188.6,14147.9,8925.6,9104.6,3997.8,7389.4,5258.5,6199.2
PE-O(38:7),PE-O,1,0,H73 C43 N1 O7 P1 ,38,7,746.5085,-4.61 ppm,250,10119.1,24757.6,16889.1,24750,13306.3,18872.5,30722.2,57440.8,40001,16119.9,9835.8,9638,7451.1,19221.3,19310.3,46946.7
PE-O(38:6),PE-O,1,0,H75 C43 N1 O7 P1 ,38,6,748.5265,-1.43 ppm,250,5274.1,10912.1,9134.1,14379.6,6821.7,12023,7584.5,16845.6,13187.7,18396.3,15086.4,9885.3,7303.9,13420.1,15196.5,15406.8
PE-O(38:5),PE-O,1,0,H77 C43 N1 O7 P1 ,38,5,750.5424,-1.10 ppm,250,37199.7,66036.7,43897.6,82537.8,48659.8,54472.7,29388.1,72831.4,76785,104168.1,73645.7,61643.5,26419.5,92200.6,66333.5,60810.9
PE-O(38:4),PE-O,1,0,H79 C43 N1 O7 P1 ,38,4,752.5577,-1.53 ppm,250,78472.8,162792.3,187661.2,249040.4,128528.4,119499.2,62760.7,133057.4,196734.4,203143.1,147501.9,153218.5,57418.4,249602.3,113573.5,117061.6
PE-O(38:3),PE-O,1,0,H81 C43 N1 O7 P1 ,38,3,754.5733,-1.67 ppm,250,24112.7,64633.8,99702.7,123784.9,48113.3,51126.9,25238.5,72379.5,84617.8,103669.5,65136,61156.5,29768.5,87520.4,54655.5,57682.7
PE-O(40:8),PE-O,1,0,H75 C45 N1 O7 P1 ,40,8,772.5239,-4.80 ppm,250,12027,13716.6,9163.1,18001,7726,14757.5,16722.5,36298.2,29676.3,12798.3,9587.5,8455.7,5600.5,16817.3,13600.5,28433.9
PE-O(40:6),PE-O,1,0,H79 C45 N1 O7 P1 ,40,6,776.5571,-2.25 ppm,250,5833.1,12712.3,13814.5,15025.1,8703.9,11001.7,6283,14822.5,17323.4,17364,10482.6,9900.3,4027.3,15287.7,9097.3,11056.4
PE-O(40:5),PE-O,1,0,H81 C45 N1 O7 P1 ,40,5,778.5732,-1.74 ppm,250,6823.1,16306,19830,22406.1,10440.8,13443.9,9641.6,21453.1,22614.6,20398.4,22296.6,14083.3,8034.7,24567.7,15503.4,13937.7
PE-O(40:4),PE-O,1,0,H83 C45 N1 O7 P1 ,40,4,780.5884,-2.31 ppm,250,8414.5,19565.5,32203.4,30464.5,17588,12672.8,14847.5,26617.5,43040.5,30943.2,27161.9,23086.4,11896.4,37244.7,19105.8,16366.5
,,,,,,,,,,,,,,,,,,,,,,,,,
,,,,,,,,,,,,,,,,,,,,,,,,,
###,PEOIS,,,,,,,,,,,,,,,,,,,,,,,,
PE-O(31:1),PE-O,0,1,H71 C36 P1 O8 N1 ,31,1,676.4911,-0.08 ppm,210.4,2913353.7,3216799.1,3135672.2,3797116.5,3271578,3256309.6,3877345,4450069.3,3622721.8,3151096.2,4165842.2,3867889.5,3978094.4,3793131.1,2934740.2,2779934.8
,,,,,,,,,,,,,,,,,,,,,,,,,
,,,,,,,,,,,,,,,,,,,,,,,,,
###,PI-POS,,,,,,,,,,,,,,,,,,,,,,,,
PI(32:2),PHIN,1,0,H79 C41 N1 O13 P1 ,32,2,824.5287,0.47 ppm,80.6,0,0,0,1289.9,0,1271.8,1712.8,2802.1,11139.1,4559.8,4673.7,2997.9,2047.7,4879.8,1945.3,2153.6
PI(32:1),PHIN,1,0,H81 C41 N1 O13 P1 ,32,1,826.5442,0.26 ppm,80.6,1446.9,8603.3,5009.8,2547.4,1536.6,3430.1,2137.1,2256.2,9358,10211.5,5832,5918.7,7119.8,8228,11672.2,5131.9
PI(34:2),PHIN,1,0,H83 C43 N1 O13 P1 ,34,2,852.5552,-5.18 ppm,80.6,7223.3,33593.7,23263.6,11812.3,11731.1,11259.4,5688.6,8385.5,26850.1,25479.2,16930.6,15366.6,27432.5,26270.3,42893.7,57485.7
PI(34:1),PHIN,1,0,H85 C43 N1 O13 P1 ,34,1,854.5732,-2.47 ppm,80.6,43379.4,383261,96380.7,84161.3,51718.4,68555.1,12895.7,21788.4,71617.4,157389.8,61124.5,115381.9,102182.9,80468.2,156205.3,126464.5
PI(36:4),PHIN,1,0,H83 C45 N1 O13 P1 ,36,4,876.5592,-0.53 ppm,80.6,36802.6,82004,51730.5,45680.1,32809.1,33231.5,9149.5,14930,72186.6,83805.6,38152.2,52195.3,46391,121361.6,76722.5,76968.8
PI(36:3),PHIN,1,0,H85 C45 N1 O13 P1 ,36,3,878.5745,-0.92 ppm,80.6,21675.7,49789.3,27680.1,19546,24498.2,15801,7663.2,6523.4,49995.6,50510.8,29864.8,30724.8,43925.5,81503.4,61666.1,78270.8
PI(36:2),PHIN,1,0,H87 C45 N1 O13 P1 ,36,2,880.5901,-0.98 ppm,80.6,140204.2,446382.1,151210.5,125636,99655,83770.1,31091.1,29978.2,140777.7,267301.8,134645,221096.3,189457.1,278849,389114.9,304276.4
PI(36:1),PHIN,1,0,H89 C45 N1 O13 P1 ,36,1,882.6061,-0.60 ppm,80.6,146919.1,715074.6,160208.2,161529.4,122776.2,87568.9,26345.5,31581.1,121964.6,378085.5,171448.4,330994.8,224880.6,273476.1,297750.7,268075.1
PI(38:6),PHIN,1,0,H83 C47 N1 O13 P1 ,38,6,900.561,1.44 ppm,80.6,5604.2,26404.7,15580.4,12074.4,12550.8,11836.9,1914.2,2555.5,9891.5,23216.5,10641.6,11370.6,12956.7,20575.3,10844.9,17303.4
PI(38:5),PHIN,1,0,H85 C47 N1 O13 P1 ,38,5,902.5779,2.88 ppm,80.6,38617.5,72092.9,54081.6,38601.5,29573.8,28123,8861.7,12409.6,63756.2,103100.7,48604.2,49006.1,46423.6,229384.9,77708.9,78211.8
PI(38:4),PHIN,1,0,H87 C47 N1 O13 P1 ,38,4,904.5942,3.56 ppm,80.6,538292.7,1102262.7,902657.1,601157.3,438282.4,293033.1,97494.5,185096.4,891684.1,1377984.6,587834.7,967524.9,516834,2040080.5,1054040.8,972984.3
PI(38:3),PHIN,1,0,H89 C47 N1 O13 P1 ,38,3,906.6098,3.51 ppm,80.6,114022.2,188755.3,143993.7,102251.7,60894.7,61500.4,24295.2,31407.8,210069.4,280063.5,127387.7,225424.2,167362,587801.9,252611.9,219080
PI(40:6),PHIN,1,0,H87 C49 N1 O13 P1 ,40,6,928.5904,-0.62 ppm,80.6,26249.9,64436.6,52872.7,47482.1,37650.9,33792.4,4692.1,10480,50009.6,95350.5,55100.5,52059.8,56571.4,122403.4,51785.7,51560.5
PI(40:5),PHIN,1,0,H89 C49 N1 O13 P1 ,40,5,930.6075,0.93 ppm,80.6,21155.6,44992.5,38573.4,23786.1,25691.7,20407.8,5161.2,9449.7,48706.4,73724.2,32412.2,30474.3,41964.5,93796.5,43133.5,33097.4
,,,,,,,,,,,,,,,,,,,,,,,,,
,,,,,,,,,,,,,,,,,,,,,,,,,
###,PIIS-POS,,,,,,,,,,,,,,,,,,,,,,,,
PI-IS(34:0),PHIN,0,1,H87 C43 O13 P1 N1 ,None,0,856.5899,-1.19 ppm,80.6,618334.9,838167,745756.3,371282.6,296228,235804.2,82615.3,91773,448512.8,916402.1,564048.3,703722.6,794006.9,853765,942684,851253.2
,,,,,,,,,,,,,,,,,,,,,,,,,
,,,,,,,,,,,,,,,,,,,,,,,,,
###,SM-PR2,,,,,,,,,,,,,,,,,,,,,,,,
SM(16:0),SPMY,1,0,H80 C39 N2 O6 P1 ,16,0,703.5749,0.03 ppm,99.2,1836255.3,3314423.6,2789465.8,4176216.2,2951049.9,2536419.9,2303893.3,3188830.1,3570026.6,4394662.1,1857994.9,1914139.1,1479938.6,4141290.9,2978048.3,1345265
SM(18:1),SPMY,1,0,H82 C41 N2 O6 P1 ,18,1,729.5904,-0.19 ppm,99.2,16106.8,42547.3,41596.2,18290.6,43583.9,37467.1,16093.5,13813,26422,15473.9,30123.1,34839.4,21953.1,9954.8,14329.7,11366.6
SM(18:0),SPMY,1,0,H84 C41 N2 O6 P1 ,18,0,731.6046,-2.15 ppm,99.2,27849.7,80332.4,69196.2,76812.5,76443.3,43247.1,44055.3,51619.3,36343.1,41324.4,96837.1,35379.9,29050.5,49669.8,51340.8,26232.1
SM(22:1),SPMY,1,0,H90 C45 N2 O6 P1 ,22,1,785.6517,-1.78 ppm,99.2,48805.2,91001.5,105814.2,121329.9,95055.1,78123.6,55553.8,62153.8,52499.5,45975.7,90241.9,38444.1,37236.4,67472.1,69185.5,33951.4
SM(22:0),SPMY,1,0,H92 C45 N2 O6 P1 ,22,0,787.667,-2.19 ppm,99.2,171845.7,381108.3,437358.6,525158,296677.2,225331.9,201260.9,203367.3,230375.6,290472.4,248105.9,172647.5,154308.4,270461.2,216999.1,143342.2
SM(24:2),SPMY,1,0,H92 C47 N2 O6 P1 ,24,2,811.6682,-0.71 ppm,99.2,101348.2,187167.3,151591.6,230120.4,140265.6,149072.6,139452.4,163727,190214.6,158446.2,177621.6,79318.4,60266.9,162743.3,181640.5,106278.1
SM(24:0),SPMY,1,0,H96 C47 N2 O6 P1 ,24,0,815.6995,-0.72 ppm,99.2,731945.2,1211690.4,1374632.2,1695652.3,1232971,985760.1,1067572.2,1156323.7,1487883.8,930105.2,996172.8,684613.8,724605.7,1423697.9,905609.6,1121741.5
SM(26:1),SPMY,1,0,H98 C49 N2 O6 P1 ,26,1,841.7153,-0.52 ppm,99.2,22849.6,23415.4,19046.2,24414.6,18590.7,24799,34082,38992.8,34496.3,20598.6,29644.9,25492.8,19149.2,21519.6,19056.9,34388.3
SM(26:0),SPMY,1,0,H100 C49 N2 O6 P1 ,26,0,843.7303,-1.27 ppm,99.2,7884.1,11349.2,8982.4,10136.9,10953.6,9765.7,11834.3,9608.6,8652.3,4939.3,11845.7,7237.2,6548.2,12823.2,8027.7,11353.4
,,,,,,,,,,,,,,,,,,,,,,,,,
,,,,,,,,,,,,,,,,,,,,,,,,,
###,SMIS-PR2,,,,,,,,,,,,,,,,,,,,,,,,
SM(17:0),SPMY,0,1,H82 C40 P1 O6 N2 ,17,0,,,99.2,1826523.5,2045022,2414172.3,2531138.7,2482307,2183832.5,1761943.2,1984316.2,2045916.4,2183271.6,2040929.7,1923360.3,1646603.6,1955169.4,1195672.1,1391604.4
,,,,,,,,,,,,,,,,,,,,,,,,,
,,,,,,,,,,,,,,,,,,,,,,,,,
###,TAG,,,,,,,,,,,,,,,,,,,,,,,,
TAG(46:0),TACG,1,0,H98 C49 O6 N1 ,46,0,796.7365,-2.95 ppm,427.1,17220.2,20605.4,15195.4,14641.8,8102.3,9504.4,26011.3,12836.2,9091.9,10193.4,13108.4,12766,10416.8,9934.2,5913.4,3035.2
TAG(48:2),TACG,1,0,H98 C51 O6 N1 ,48,2,820.7375,-1.72 ppm,427.1,3679.3,5244.7,5877.4,5444.8,3671.5,4066.3,16593.8,7931.2,8960.6,5957.4,15547.2,8794.7,9153.8,6252.6,2709.6,2416.7
TAG(48:1),TACG,1,0,H100 C51 O6 N1 ,48,1,822.7532,-1.59 ppm,427.1,6820.7,16530.9,10953.5,18075.5,6960.9,18144.7,27116.2,16112.3,21291,16955,34421.3,19714.6,22361.1,16210.3,7989.6,9417.2
TAG(48:0),TACG,1,0,H102 C51 O6 N1 ,48,0,824.7694,-0.88 ppm,427.1,16482.2,37088.7,22944.6,7206.7,5848.9,9144.3,18035.6,12179.3,11191.6,6725.7,15124.5,8892.3,9586.8,5540.9,2761,1884.9
TAG(50:3),TACG,1,0,H100 C53 O6 N1 ,50,3,846.7536,-1.06 ppm,427.1,2183.6,4204.2,3883.9,2346.5,1711,3049.2,7394.2,4519,5244.7,2856,7175.6,4419.6,3701.3,3167.7,1485.9,1513.4
TAG(50:2),TACG,1,0,H102 C53 O6 N1 ,50,2,848.7693,-1.06 ppm,427.1,5436.2,10905.4,10849,8957.8,4865.6,9594.8,21189.6,17414.6,14614.8,10392.3,22454.5,12843.6,10872.1,10282.1,5393.4,6006.5
TAG(50:0),TACG,1,0,H106 C53 O6 N1 ,50,0,852.8008,-0.77 ppm,427.1,33403.4,75355.7,43913.7,4943.6,4634.9,15706.1,15943.3,5916.9,4592.1,4077.4,9453.3,5110.2,6086.4,2611.3,1245.2,1370.6
TAG(52:5),TACG,1,0,H100 C55 O6 N1 ,52,5,870.7535,-1.14 ppm,427.1,634.5,1167.6,1407.8,268.9,409,572.6,1319,3551.2,1158.8,567.3,1327.4,244.2,1079.4,865.2,798.4,712.1
TAG(52:4),TACG,1,0,H102 C55 O6 N1 ,52,4,872.7689,-1.43 ppm,427.1,2420.4,3834,4531,2022.4,1511.6,2367.7,6276.5,12311.6,4773.6,2668.9,7383.3,2376.3,2840.2,2348.1,5836.7,2340.9
TAG(52:3),TACG,1,0,H104 C55 O6 N1 ,52,3,874.7849,-1.10 ppm,427.1,5401.1,11299.5,10256.3,5553.4,3730.7,5983.6,13287.7,19890.6,9465.3,8120.2,15638.2,7073.6,5518.1,6936.4,7551.2,5658.5
TAG(52:2),TACG,1,0,H106 C55 O6 N1 ,52,2,876.8003,-1.28 ppm,427.1,11793.7,30845,20365.4,26315.5,14898.7,13694.5,26852.2,31230,15750.6,18806.4,26982.7,12546.4,9855.8,16024.3,7623.3,9685.5
TAG(54:6),TACG,1,0,H102 C57 O6 N1 ,54,6,896.7685,-1.86 ppm,427.1,1719,2791.5,3434.5,1438.9,955.1,1550.4,3239.8,8497.7,2512.8,1595.1,3214.6,819.4,1535.8,1505.5,6487.9,1389.1
TAG(54:5),TACG,1,0,H104 C57 O6 N1 ,54,5,898.784,-2.04 ppm,427.1,3932.9,5065.2,5794.2,2477.8,1867.8,2492.3,5481.5,13071.7,6440.3,3014.4,6116.8,1459.3,3984.5,3788,7964,2410.5
,,,,,,,,,,,,,,,,,,,,,,,,,
###,TAGIS,,,,,,,,,,,,,,,,,,,,,,,,
TAG(47:1),TACG,0,1,H98 C50 O6 N1 ,47,1,808.7392,0.45 ppm,359.5,772617.7,1930644.1,1660168.3,1988068.3,1398409.2,1411353.9,1868297.8,2444505.1,3698559.2,2119638.8,3509459.6,1974402.9,2458129.7,2531992.7,1173547.3,1251388.9
,,,,,,,,,,,,,,,,,,,,,,,,,
,,,,,,,,,,,,,,,,,,,,,,,,,
###,PS-NL185POS,,,,,,,,,,,,,,,,,,,,,,,,
PS(32:0),PHSE,1,0,H75 C38 N1 O10 P1 ,32,0,736.5117,-0.77 ppm,98.8,2242.9,2908.7,3078.5,3359,3205.3,5017.8,7713.3,4110.6,1748.3,1632.6,2498.5,2669.9,3115.9,9911.1,8821.7,9100.5
PS(34:2),PHSE,1,0,H75 C40 N1 O10 P1 ,34,2,760.5112,-1.41 ppm,98.8,8574.8,3901.3,12586.6,10280.9,3597.8,7932.6,3943.2,2805.6,2460.4,7310.3,2493.1,5444.9,4339,7022.9,2388.2,3885.4
PS(34:1),PHSE,1,0,H77 C40 N1 O10 P1 ,34,1,762.5275,-0.63 ppm,98.8,81424.6,48055.7,52812.1,76261.5,48836,69658.6,29061.6,47661.2,56058.7,66616.9,74982,65485.8,49774.8,66346.5,54323,52880.4
PS(34:0),PHSE,1,0,H79 C40 N1 O10 P1 ,34,0,764.5426,-1.28 ppm,98.8,6068.9,6135.4,4578.6,8678.7,8585.6,7251,14700,9037.8,4451.1,7616,8500.1,5509.1,8711.3,19725.2,24034.6,20787.1
PS(36:4),PHSE,1,0,H75 C42 N1 O10 P1 ,36,4,784.5098,-3.21 ppm,98.8,6674.2,5482.7,6160.8,7055.5,7086.8,7261.2,9716.7,10145.9,7288.4,6301.5,4921.5,4893.6,6017.9,9905.8,7863.5,10824.1
PS(36:3),PHSE,1,0,H77 C42 N1 O10 P1 ,36,3,786.5264,-1.98 ppm,98.8,8777.7,8463.2,4766.5,12485.1,5444.8,5528.5,3887.3,3102,4934.4,3822.9,5047.4,3956.8,4191.1,7771.8,6294.9,5383.5
PS(36:2),PHSE,1,0,H79 C42 N1 O10 P1 ,36,2,788.5422,-1.83 ppm,98.8,101523.5,91856.9,61932.1,142646.4,79309.7,72979.4,35149.6,26378.1,29562.2,35912.8,38960.9,33985.9,39062.6,48909.8,60384.9,55064.7
PS(36:1),PHSE,1,0,H81 C42 N1 O10 P1 ,36,1,790.5577,-1.92 ppm,98.8,503137.5,662058.4,679952.2,1061043.8,584970.3,637620.4,169225.3,236899.5,161137.5,292326.8,324986.1,263834.9,303188.3,365689.9,398445.2,395259.4
PS(38:5),PHSE,1,0,H77 C44 N1 O10 P1 ,38,5,810.525,-3.70 ppm,98.8,6946.2,6228.9,5280.6,12988.9,9294.9,7264.7,6010.4,6359.4,9421.7,10489.6,8202.1,4996.3,5345,8141.6,6807.2,6938.2
PS(38:4),PHSE,1,0,H79 C44 N1 O10 P1 ,38,4,812.5423,-1.63 ppm,98.8,43018,44986.8,46518,79643,66597.1,60863.7,38498.2,50591.8,32818,43231.9,46477.9,29729.6,31947.6,55541.7,49563.3,43726.9
PS(38:3),PHSE,1,0,H81 C44 N1 O10 P1 ,38,3,814.5589,-0.48 ppm,98.8,34157,30011.8,28789.3,39041.4,30243.2,37757.5,8232.5,16531.7,21154.9,30508.5,28779.7,20659.9,23474.6,25139.7,25857.9,20071.4
PS(38:2),PHSE,1,0,H83 C44 N1 O10 P1 ,38,2,816.5748,-0.18 ppm,98.8,19678.4,13135.6,12091.6,14445.1,10400.8,14267.7,2168.4,5442.1,3549.7,8779,6468.8,6650.7,6584.9,7920.5,6865.1,6397.7
PS(38:1),PHSE,1,0,H85 C44 N1 O10 P1 ,38,1,818.5882,-2.94 ppm,98.8,14099.3,18695.2,17938.2,23087.3,13879.7,18927.7,4074.9,8348.3,1619,6721.7,7276,6872.9,6004.3,6389.1,6846.7,7013.4
PS(40:7),PHSE,1,0,H77 C46 N1 O10 P1 ,40,7,834.5246,-3.98 ppm,98.8,3737.7,2583.7,1663.7,3178.5,2559.8,1863.8,5207.2,6118.9,5114.8,4662.6,3240.7,2801.8,2930.9,3570.5,3677.9,3427.1
PS(40:6),PHSE,1,0,H79 C46 N1 O10 P1 ,40,6,836.5422,-1.68 ppm,98.8,54492.2,13189.4,12221.4,14546.1,9627.9,15676.9,40965.7,39203,33119.3,42700.6,36862.4,33180.6,26448.3,21789.4,20161.7,19115.7
PS(40:5),PHSE,1,0,H81 C46 N1 O10 P1 ,40,5,838.5582,-1.27 ppm,98.8,36436,13575.3,13455.6,13776.7,13360.7,21652.9,8543.9,14961.5,54586.2,74149.2,56295.9,40030.7,33159.4,26369.3,25459.7,22171.4
PS(40:4),PHSE,1,0,H83 C46 N1 O10 P1 ,40,4,840.5744,-0.64 ppm,98.8,20717.8,14633.9,17463.5,19831,17754.4,21416.7,6276.5,19590.2,29224.1,34977.5,36775.3,26403.9,26364.8,19913.3,24818.8,23076.6
PS(40:2),PHSE,1,0,H87 C46 N1 O10 P1 ,40,2,844.6063,0.11 ppm,98.8,6320.9,7990.1,5243.1,4651.5,6047.5,7660.9,2900.2,3625.2,2142.2,3160.7,2867.5,2566.9,2920.3,2800.7,2341.3,2150.6
PS(40:1),PHSE,1,0,H89 C46 N1 O10 P1 ,40,1,846.6218,-0.05 ppm,98.8,6581.8,11338.2,8785.1,11107.7,9541.2,14112,3507.5,3305,0,1932.8,2910.1,2346.1,2412.2,2864.6,5427.9,3575.8
,,,,,,,,,,,,,,,,,,,,,,,,,
,,,,,,,,,,,,,,,,,,,,,,,,,
###,PSIS-NL185POS,,,,,,,,,,,,,,,,,,,,,,,,
PS(31:1),PHSE,0,1,H71 C37 P1 O10 N1 ,31,1,720.4805,-0.67 ppm,98.8,216255.3,316077.4,336419.6,464264.1,397662.1,382876.2,132608.9,189063.9,59360.6,146018.2,168650.4,181091.2,191187,242008.1,297576.3,261273.9
,,,,,,,,,,,,,,,,,,,,,,,,,
,,,,,,,,,,,,,,,,,,,,,,,,,
###,CL,,,,,,,,,,,,,,,,,,,,,,,,
CL(58:2),CARD,1,0,H123 C67 O17 P2 ,58,2,1261.8199,-3.36 ppm,28.6,152649.7,169545.6,171230.9,128002,55246.5,61269.3,40849.1,58842.5,81044.1,39099.4,23798.5,49644.3,71585.9,101102.2,97524,248135
CL(64:0),CARD,1,0,H141 C73 O17 P2 ,64,0,1351.9675,1.91 ppm,28.6,3472.6,3365.9,3232.3,1571.8,2642,3464.8,0,2967.6,3031,0,4064.7,1439.1,0,7706.6,3072.9,0
CL(66:4),CARD,1,0,H135 C75 O17 P2 ,66,4,1369.9172,-0.61 ppm,28.6,0,0,0,0,0,0,0,2704.8,1514.9,1569.6,0,3811.9,0,13958.9,5873.6,4118.7
CL(66:3),CARD,1,0,H137 C75 O17 P2 ,66,3,1371.9418,5.96 ppm,28.6,13950.4,19067.1,20424.7,20077.5,9077.1,10684.5,12036.4,16317.3,6657.4,2191.5,4310.1,5133.9,5437.7,14837.6,10876.7,9227
CL(66:2),CARD,1,0,H139 C75 O17 P2 ,66,2,1373.9484,-0.63 ppm,28.6,6217.8,6782.7,7338,4639.7,3849.3,3675.7,0,4651.1,4857.8,0,1286,1618.2,2612.9,4560.4,4770.7,2738.4
CL(66:0),CARD,1,0,H145 C75 O17 P2 ,66,0,1379.9888,-5.43 ppm,28.6,48955,48232.8,40301.6,35986.7,20054.7,18781.6,49908.7,43971.8,12401.4,14738.2,7689.2,7701.2,6026,8514.7,7926.7,7483.5
CL(68:5),CARD,1,0,H137 C77 O17 P2 ,68,5,1395.9315,-1.53 ppm,28.6,6794.5,9167.7,14791.1,6626.1,3362,8899.5,3304.8,9663.8,8841.1,7527.3,4385.1,9718.2,7915.8,37919.9,20561.9,21347
CL(68:4),CARD,1,0,H139 C77 O17 P2 ,68,4,1397.947,-1.68 ppm,28.6,4364.5,16826.3,21882.4,10290,4478.1,12650.6,4382.2,16445.2,8875.9,5536.2,6583.8,12522.5,12720.4,35182.3,24782.2,15423.1
CL(68:1),CARD,1,0,H145 C77 O17 P2 ,68,1,1404.0019,4.06 ppm,28.6,1594.5,8172.2,14999.8,6377.9,0,0,5646,0,26730.4,18876.4,11943.7,11412.2,12769,11894.1,7235.2,8808
CL(70:6),CARD,1,0,H139 C79 O17 P2 ,70,6,1421.9578,5.95 ppm,28.6,26969.5,61110.2,57666.1,40147.2,19207,24987.3,18909.4,28086.5,46583.4,30969.1,34048.2,32397.8,24769.5,117721,78058,61161.1
CL(70:5),CARD,1,0,H141 C79 O17 P2 ,70,5,1423.9731,5.71 ppm,28.6,28056.5,64945.2,102897.9,44490.3,23732.9,36707.2,24980.2,38019.1,47599.3,46723.7,28958.7,59175.8,42574,133088.7,126132.8,59405.4
CL(70:4),CARD,1,0,H143 C79 O17 P2 ,70,4,1425.9878,5.03 ppm,28.6,14707.8,39882.7,85007.1,34358.4,18981.8,21433.1,21467.9,39382.2,37922.9,33277.2,22848.5,38403.7,51721.1,81086.5,87951,40994.8
CL(70:3),CARD,1,0,H145 C79 O17 P2 ,70,3,1428.0025,4.35 ppm,28.6,6457.4,18750,46574.1,18101.6,6948.2,5978.5,8008.9,14003.7,27380.4,20364.9,15914.1,14799.8,27967.7,25366.2,37729.4,16429.3
CL(70:0),CARD,1,0,H153 C79 O17 P2 ,70,0,1436.0701,7.85 ppm,28.6,12225.5,27940,24719.2,30748.2,13088.3,11436.6,8327.2,15969.8,1990.1,13346.3,11338,11060.5,12554.6,17702.5,19252.3,7691.3
CL(72:8),CARD,1,0,H139 C81 O17 P2 ,72,8,1445.9559,4.55 ppm,28.6,15697,32576,38400.2,0,5822.4,5149.6,13803.9,15239.6,20968.4,10875.6,8073.4,10577.3,6110.7,33737.8,27338.1,30486.7
CL(72:7),CARD,1,0,H141 C81 O17 P2 ,72,7,1447.9721,4.91 ppm,28.6,64763.6,133037.3,152598.3,60710.7,48309.6,35246.3,41160.4,36411.4,109103.4,105547.8,89960.2,55589.6,38360.2,233080.9,4515.1,117019
CL(72:6),CARD,1,0,H143 C81 O17 P2 ,72,6,1449.988,5.08 ppm,28.6,94012.4,185062.5,223667.1,126112.6,76019.8,49290.3,62827.8,46979,140241.4,146621,103661.4,81239.4,84332.4,280979,226001.2,174007.3
CL(72:5),CARD,1,0,H145 C81 O17 P2 ,72,5,1452.0031,4.72 ppm,28.6,58427.3,138455.1,248104.2,113346.3,50889,36764.3,49094.1,43483.4,116851.3,96452.5,75514.2,89925.8,82661.6,193638.6,191536.2,128384.2
CL(72:4),CARD,1,0,H147 C81 O17 P2 ,72,4,1454.0136,1.14 ppm,28.6,20925.5,38771.5,91529.7,42215.8,16212.5,0,16250.1,14259.6,41137.8,37171.2,26545.7,36244.3,43219.4,68572.7,87135.1,41886.6
CL(74:10),CARD,1,0,H139 C83 O17 P2 ,74,10,1469.9546,3.58 ppm,28.6,20895.8,36784.7,31833.3,13682.2,11000.1,8824.2,14022.8,9508.9,28293.8,9353.4,6887.6,7713.9,6090.4,37591,14272.9,47579.2
CL(74:9),CARD,1,0,H141 C83 O17 P2 ,74,9,1471.9713,4.29 ppm,28.6,30206.8,57623.5,63162.6,29653.8,16447.1,13699.2,22905.8,17562.6,35104.3,21233.3,10097.7,11192.7,16582.3,69071.8,25403.4,74543.5
CL(74:8),CARD,1,0,H143 C83 O17 P2 ,74,8,1473.9879,4.92 ppm,28.6,33148.5,77063.6,100265,40472.6,21241.2,12283.2,21902.9,20138.1,55914.7,32074.9,19179.5,28250.3,30342.9,89159.2,50005.8,83327.6
CL(74:7),CARD,1,0,H145 C83 O17 P2 ,74,7,1476.0025,4.21 ppm,28.6,18938.1,48712.8,64489.2,39608.7,20396.9,12915.8,14337.4,17098.8,36276.4,24173.5,18164.5,25162,33147,62745.5,45149.3,51456.6
CL(74:2),CARD,1,0,H155 C83 O17 P2 ,74,2,1486.0708,-2.48 ppm,28.6,6310.7,35674.9,18060.5,28833.9,26857.9,3257.7,1461.6,2549.9,5773.5,19824.8,8815,7738.6,7503.3,19169.1,13042.8,7104
,,,,,,,,,,,,,,,,,,,,,,,,,
,,,,,,,,,,,,,,,,,,,,,,,,,
###,CLIS,,,,,,,,,,,,,,,,,,,,,,,,
CL(56:0),CARD,0,1,H125 C65 O17 P2 ,None,0,1239.8311,-7.01 ppm,28.6,353916.4,426503.3,480285.2,295187.1,163895.2,152437.4,74980,109841.9,220121.2,323307.5,200591.7,476498.4,478842.8,607743.8,495028.4,444405.6
